,Modeltype,Scoretype,Datatype,Mean absolute error (mae),Mean squared error (mse),Standard Diviation (SD),Pearson correlation coefficient (r),90% Confidence interval,Coefficient of determination (rÂ²),Spearman correlation coefficient,add. information,Classes,Set,Set size
0,linearRegression,pKd pKi pIC50,all,1.1945948596921925,3.0159134781465284,1.4460627250194038,0.379047,[0.302 ~ 0.451],0.143676,0.522322,GRADE_class1_test,1,test,357
1,linearRegression,pKd pKi pIC50,all,3259347.9773767195,3792495391952853.5,61496928.818961285,-0.013344,[-0.1 ~ 0.074],0.000178,0.515803,X-GRADE_class1_test,1,test,357
2,Ridge,pKd pKi pIC50,all,1.1919382862868961,2.982172241012232,1.4347853856016959,0.382051,[0.305 ~ 0.454],0.145963,0.522909,GRADE_class1_test,1,test,357
3,Ridge,pKd pKi pIC50,all,1915561.294035264,1309944075135361.8,36142424.10700222,-0.013344,[-0.1 ~ 0.074],0.000178,0.521674,X-GRADE_class1_test,1,test,357
4,Lasso,pKd pKi pIC50,all,1.1831625923654507,2.893411328414779,1.3992953943069357,0.388429,[0.312 ~ 0.46],0.150877,0.523647,GRADE_class1_test,1,test,357
5,Lasso,pKd pKi pIC50,all,1738578.5432356957,1079086463630038.0,32803411.565517165,-0.013345,[-0.1 ~ 0.074],0.000178,0.531398,X-GRADE_class1_test,1,test,357
6,ElasticNet,pKd pKi pIC50,all,1.185548119857643,2.9093090083219377,1.4081995363484878,0.38812,[0.311 ~ 0.46],0.150637,0.52337,GRADE_class1_test,1,test,357
7,ElasticNet,pKd pKi pIC50,all,3286910.9736174075,3856923446831272.5,62017092.83469896,-0.013345,[-0.1 ~ 0.074],0.000178,0.522145,X-GRADE_class1_test,1,test,357
8,SVR,pKd pKi pIC50,all,1.0623798299066949,1.8086382277169193,1.1022324262949021,0.582906,[0.522 ~ 0.638],0.339779,0.582065,GRADE_class1_test,1,test,357
9,SVR,pKd pKi pIC50,all,1.0586537288706144,1.8259217641743708,1.1257422296751873,0.579815,[0.519 ~ 0.635],0.336185,0.579206,X-GRADE_class1_test,1,test,357
10,DecisionTree,pKd pKi pIC50,all,1.5277030812324925,3.680609243697479,1.8701598555815173,0.410051,[0.335 ~ 0.48],0.168141,0.403107,GRADE_class1_test,1,test,357
11,DecisionTree,pKd pKi pIC50,all,1.5928011204481796,3.9996546218487397,1.7566382373844562,0.310207,[0.229 ~ 0.387],0.096229,0.305631,X-GRADE_class1_test,1,test,357
12,RandomForest,pKd pKi pIC50,all,1.0580759103641455,1.8121896939775906,1.1104509840986876,0.581982,[0.521 ~ 0.637],0.338703,0.573407,GRADE_class1_test,1,test,357
13,RandomForest,pKd pKi pIC50,all,1.0366081232492999,1.7569168712885157,1.0957641577048887,0.596747,[0.538 ~ 0.65],0.356106,0.605189,X-GRADE_class1_test,1,test,357
14,XGBoost,pKd pKi pIC50,all,1.1127383618795572,2.0218838253927265,1.2979377508163452,0.556584,[0.493 ~ 0.614],0.309785,0.557244,GRADE_class1_test,1,test,357
15,XGBoost,pKd pKi pIC50,all,1.1854276736978056,2.2178760608349757,1.238008737564087,0.503147,[0.435 ~ 0.566],0.253157,0.51467,X-GRADE_class1_test,1,test,357
16,linearRegression,pKd pKi pIC50,ki,1.281934717992579,4.242911906199497,1.8628398032676918,0.315352,[0.235 ~ 0.392],0.099447,0.51971,GRADE_class1_test,1,test,357
17,linearRegression,pKd pKi pIC50,ki,8.45673340857976e+31,2.5531333359932686e+66,1.5956132683074838e+33,0.013345,[-0.074 ~ 0.1],0.000178,0.53248,X-GRADE_class1_test,1,test,357
18,Ridge,pKd pKi pIC50,ki,1.2736935228558033,4.099498558468489,1.8245767364290522,0.322306,[0.242 ~ 0.398],0.103881,0.5207,GRADE_class1_test,1,test,357
19,Ridge,pKd pKi pIC50,ki,3.1211808348559795e+17,3.477811819929261e+37,5.88903222110873e+18,0.013345,[-0.074 ~ 0.1],0.000178,0.497149,X-GRADE_class1_test,1,test,357
20,Lasso,pKd pKi pIC50,ki,1.2581659982992508,3.8490695616260915,1.7486151177110796,0.332806,[0.253 ~ 0.408],0.11076,0.520272,GRADE_class1_test,1,test,357
21,Lasso,pKd pKi pIC50,ki,28020516.050453827,2.802975424104957e+17,528689320.06858695,0.013345,[-0.074 ~ 0.1],0.000178,0.528413,X-GRADE_class1_test,1,test,357
22,ElasticNet,pKd pKi pIC50,ki,1.2540945558997352,3.777097524643059,1.7319018944514757,0.33846,[0.259 ~ 0.413],0.114555,0.521858,GRADE_class1_test,1,test,357
23,ElasticNet,pKd pKi pIC50,ki,1.678350334459009e+17,1.0056189647287835e+37,3.166705077653435e+18,0.013345,[-0.074 ~ 0.1],0.000178,0.525386,X-GRADE_class1_test,1,test,357
24,SVR,pKd pKi pIC50,ki,1.0842225149748874,1.9519323982500802,1.3136108542952931,0.580465,[0.52 ~ 0.635],0.33694,0.575459,GRADE_class1_test,1,test,357
25,SVR,pKd pKi pIC50,ki,1.076918674612842,1.9926266794173348,1.2743077024571585,0.56558,[0.503 ~ 0.622],0.319881,0.568311,X-GRADE_class1_test,1,test,357
26,DecisionTree,pKd pKi pIC50,ki,1.7091876750700281,4.4506661064425765,1.9946634135225558,0.346755,[0.268 ~ 0.421],0.120239,0.351423,GRADE_class1_test,1,test,357
27,DecisionTree,pKd pKi pIC50,ki,1.474173669467787,3.6194616246498597,1.8917038364429315,0.440468,[0.367 ~ 0.508],0.194012,0.4404,X-GRADE_class1_test,1,test,357
28,RandomForest,pKd pKi pIC50,ki,1.1094717086834736,2.0125995599439777,1.293584858376639,0.567451,[0.505 ~ 0.624],0.322,0.567145,GRADE_class1_test,1,test,357
29,RandomForest,pKd pKi pIC50,ki,1.068643137254902,1.8585536178711493,1.2931830000953144,0.598379,[0.539 ~ 0.652],0.358057,0.603674,X-GRADE_class1_test,1,test,357
30,XGBoost,pKd pKi pIC50,ki,1.2270352455614661,2.430261002066453,1.5478359460830688,0.524661,[0.458 ~ 0.585],0.275269,0.518213,GRADE_class1_test,1,test,357
31,XGBoost,pKd pKi pIC50,ki,1.251839572935879,2.5099070318407466,1.5187866687774658,0.502557,[0.434 ~ 0.565],0.252564,0.501944,X-GRADE_class1_test,1,test,357
32,linearRegression,pKd pKi pIC50,kd,1.1694539331631137,2.288043280226374,1.044629890892886,0.455033,[0.383 ~ 0.522],0.207055,0.513908,GRADE_class1_test,1,test,357
33,linearRegression,pKd pKi pIC50,kd,679165384712.0963,1.6467182521830888e+26,12814466808982.768,0.013345,[-0.074 ~ 0.1],0.000178,0.472182,X-GRADE_class1_test,1,test,357
34,Ridge,pKd pKi pIC50,kd,1.1666864004109017,2.2692590569245796,1.0357154544029374,0.458444,[0.387 ~ 0.525],0.210171,0.514941,GRADE_class1_test,1,test,357
35,Ridge,pKd pKi pIC50,kd,13391194.327347988,6.401005279399454e+16,252647535.285883,-0.013348,[-0.1 ~ 0.074],0.000178,0.49601,X-GRADE_class1_test,1,test,357
36,Lasso,pKd pKi pIC50,kd,1.1549610684320588,2.203274296192613,0.9957198121278844,0.469899,[0.399 ~ 0.535],0.220805,0.519081,GRADE_class1_test,1,test,357
37,Lasso,pKd pKi pIC50,kd,4155111.6947025964,6163202626889590.0,78396044.65315619,-0.013346,[-0.1 ~ 0.074],0.000178,0.511938,X-GRADE_class1_test,1,test,357
38,ElasticNet,pKd pKi pIC50,kd,1.1578549387090689,2.216667562378488,1.006465216771486,0.467841,[0.397 ~ 0.533],0.218875,0.518802,GRADE_class1_test,1,test,357
39,ElasticNet,pKd pKi pIC50,kd,733267.0952021916,191951347044525.25,13835232.823509268,-0.013345,[-0.1 ~ 0.074],0.000178,0.525415,X-GRADE_class1_test,1,test,357
40,SVR,pKd pKi pIC50,kd,1.102135766589353,1.920025814800259,0.9424742246734109,0.549761,[0.486 ~ 0.608],0.302237,0.556101,GRADE_class1_test,1,test,357
41,SVR,pKd pKi pIC50,kd,1.1029943479031563,1.8430870033419173,0.925093574842905,0.573877,[0.512 ~ 0.63],0.329335,0.54609,X-GRADE_class1_test,1,test,357
42,DecisionTree,pKd pKi pIC50,kd,1.6195238095238098,4.1048462184873955,1.8973152765352461,0.352675,[0.274 ~ 0.427],0.12438,0.347951,GRADE_class1_test,1,test,357
43,DecisionTree,pKd pKi pIC50,kd,1.5070868347338935,3.6726703081232497,1.6577557862353423,0.360069,[0.282 ~ 0.434],0.12965,0.394181,X-GRADE_class1_test,1,test,357
44,RandomForest,pKd pKi pIC50,kd,1.0604532212885152,1.7907452044257701,0.9425378679753598,0.586884,[0.527 ~ 0.641],0.344433,0.581082,GRADE_class1_test,1,test,357
45,RandomForest,pKd pKi pIC50,kd,1.076705602240896,1.8199931597478987,0.9535654575835076,0.58433,[0.524 ~ 0.639],0.341442,0.594165,X-GRADE_class1_test,1,test,357
46,XGBoost,pKd pKi pIC50,kd,1.1629322641837496,2.1915768845979144,1.146712064743042,0.491763,[0.423 ~ 0.555],0.241831,0.513445,GRADE_class1_test,1,test,357
47,XGBoost,pKd pKi pIC50,kd,1.2054979027553099,2.2014936718694065,1.1320253610610962,0.507069,[0.439 ~ 0.569],0.257119,0.510602,X-GRADE_class1_test,1,test,357
48,linearRegression,pKd pKi pIC50,all,1.2599517011068988,4.435774020454298,1.87204161571004,0.301959,[0.278 ~ 0.326],0.091179,0.500599,GRADE_class2_test,2,test,3806
49,linearRegression,pKd pKi pIC50,all,1.3218900856746796,2.801193510521709,0.9325969961910746,0.520374,[0.376 ~ 0.64],0.27079,0.578315,GRADE_class2_val,2,val,85
50,linearRegression,pKd pKi pIC50,all,149.01448066095486,48281192.795413755,6947.826320243374,0.023593,[-0.003 ~ 0.05],0.000557,0.50645,X-GRADE_class2_test,2,test,3806
51,linearRegression,pKd pKi pIC50,all,1.2257213142785566,2.5376524458082215,0.8782347805410081,0.588478,[0.457 ~ 0.695],0.346307,0.593871,X-GRADE_class2_val,2,val,85
52,Ridge,pKd pKi pIC50,all,1.257914719425992,4.435246304883495,1.8715589529268912,0.301763,[0.277 ~ 0.326],0.091061,0.501187,GRADE_class2_test,2,test,3806
53,Ridge,pKd pKi pIC50,all,1.3207045405000433,2.7967221625287055,0.9281566493300654,0.521107,[0.377 ~ 0.641],0.271553,0.578119,GRADE_class2_val,2,val,85
54,Ridge,pKd pKi pIC50,all,17.087158966909282,653993.8134784425,808.678762938959,0.037072,[0.01 ~ 0.064],0.001374,0.511699,X-GRADE_class2_test,2,test,3806
55,Ridge,pKd pKi pIC50,all,1.2290582655587474,2.5240180208318552,0.8697012449250151,0.59134,[0.461 ~ 0.697],0.349683,0.608363,X-GRADE_class2_val,2,val,85
56,Lasso,pKd pKi pIC50,all,1.2509751168234637,4.338251037690879,1.8422260813475115,0.304479,[0.28 ~ 0.328],0.092707,0.503038,GRADE_class2_test,2,test,3806
57,Lasso,pKd pKi pIC50,all,1.3178130037567675,2.7812595491437033,0.9059214129349659,0.52308,[0.379 ~ 0.642],0.273613,0.575833,GRADE_class2_val,2,val,85
58,Lasso,pKd pKi pIC50,all,2.080388124940114,474.63292112289946,21.74345105172048,0.0189,[-0.008 ~ 0.046],0.000357,0.5207,X-GRADE_class2_test,2,test,3806
59,Lasso,pKd pKi pIC50,all,1.2590622576072836,2.577614696423809,0.7813079984756967,0.576727,[0.443 ~ 0.685],0.332614,0.599128,X-GRADE_class2_val,2,val,85
60,ElasticNet,pKd pKi pIC50,all,1.2547656709006407,4.409227820442593,1.8635433530857313,0.302348,[0.278 ~ 0.326],0.091414,0.502086,GRADE_class2_test,2,test,3806
61,ElasticNet,pKd pKi pIC50,all,1.3196149458155935,2.7914872167878912,0.9215195373307918,0.521826,[0.378 ~ 0.641],0.272302,0.580035,GRADE_class2_val,2,val,85
62,ElasticNet,pKd pKi pIC50,all,2.4077199007207204,871.7906913979914,29.475130074060786,0.006551,[-0.02 ~ 0.033],4.3e-05,0.527679,X-GRADE_class2_test,2,test,3806
63,ElasticNet,pKd pKi pIC50,all,1.2598210159596284,2.5650066867776764,0.7683096276208965,0.584102,[0.452 ~ 0.691],0.341175,0.612232,X-GRADE_class2_val,2,val,85
64,SVR,pKd pKi pIC50,all,1.1021319820978848,1.956281956140768,1.1339660405631784,0.56615,[0.548 ~ 0.584],0.320526,0.550183,GRADE_class2_test,2,test,3806
65,SVR,pKd pKi pIC50,all,1.1944264216643188,2.4665850607912643,0.9592613366622427,0.580115,[0.447 ~ 0.688],0.336533,0.600096,GRADE_class2_val,2,val,85
66,SVR,pKd pKi pIC50,all,1.1221613033648388,2.02714037429712,1.1284664390994232,0.546021,[0.527 ~ 0.564],0.298138,0.535857,X-GRADE_class2_test,2,test,3806
67,SVR,pKd pKi pIC50,all,1.2790166510490306,2.776018577148456,0.8986295823766779,0.502442,[0.355 ~ 0.626],0.252448,0.506141,X-GRADE_class2_val,2,val,85
68,DecisionTree,pKd pKi pIC50,all,1.5312611665790856,3.784280189174987,1.7896451942443843,0.373186,[0.35 ~ 0.396],0.139268,0.354244,GRADE_class2_test,2,test,3806
69,DecisionTree,pKd pKi pIC50,all,1.6827058823529408,4.487024705882353,1.703055280135449,0.317962,[0.147 ~ 0.471],0.1011,0.28986,GRADE_class2_val,2,val,85
70,DecisionTree,pKd pKi pIC50,all,1.5741329479768784,3.917062033631109,1.832531091609549,0.367174,[0.344 ~ 0.39],0.134817,0.35254,X-GRADE_class2_test,2,test,3806
71,DecisionTree,pKd pKi pIC50,all,1.749058823529412,4.739751764705882,1.9517601673528056,0.364849,[0.198 ~ 0.511],0.133115,0.388509,X-GRADE_class2_val,2,val,85
72,RandomForest,pKd pKi pIC50,all,1.060712217551235,1.8134278268392015,1.100791201669839,0.603956,[0.587 ~ 0.621],0.364763,0.581589,GRADE_class2_test,2,test,3806
73,RandomForest,pKd pKi pIC50,all,1.1972835294117647,2.3034747838823533,0.822492119611811,0.650435,[0.533 ~ 0.743],0.423066,0.639388,GRADE_class2_val,2,val,85
74,RandomForest,pKd pKi pIC50,all,1.0607994219653178,1.8183232574671573,1.1086500263268073,0.600499,[0.583 ~ 0.617],0.360599,0.575028,X-GRADE_class2_test,2,test,3806
75,RandomForest,pKd pKi pIC50,all,1.1214764705882352,2.104664620823529,0.8803195907432521,0.694959,[0.589 ~ 0.778],0.482968,0.701271,X-GRADE_class2_val,2,val,85
76,XGBoost,pKd pKi pIC50,all,1.1601946798801672,2.1707645676483147,1.297970175743103,0.536895,[0.518 ~ 0.556],0.288256,0.517288,GRADE_class2_test,2,test,3806
77,XGBoost,pKd pKi pIC50,all,1.3265156442978805,2.729868614055438,1.0626966953277588,0.524118,[0.38 ~ 0.643],0.274699,0.517047,GRADE_class2_val,2,val,85
78,XGBoost,pKd pKi pIC50,all,1.1627477061842468,2.1811520348202897,1.323969841003418,0.53801,[0.519 ~ 0.557],0.289455,0.513688,X-GRADE_class2_test,2,test,3806
79,XGBoost,pKd pKi pIC50,all,1.2468082335976993,2.634979718324295,1.1535738706588745,0.533278,[0.391 ~ 0.651],0.284385,0.576351,X-GRADE_class2_val,2,val,85
80,linearRegression,pKd pKi pIC50,ki,1.310046823495529,3.622964809956343,1.7197734048270188,0.377426,[0.354 ~ 0.4],0.142451,0.496022,GRADE_class2_test,2,test,3806
81,linearRegression,pKd pKi pIC50,ki,1.2812250322098386,2.4674942510094553,0.9865760405213845,0.572629,[0.438 ~ 0.682],0.327904,0.595376,GRADE_class2_val,2,val,85
82,linearRegression,pKd pKi pIC50,ki,4.0771195588920193e+24,6.321839661196192e+52,2.513996294907064e+26,0.000802,[-0.026 ~ 0.027],1e-06,0.497083,X-GRADE_class2_test,2,test,3806
83,linearRegression,pKd pKi pIC50,ki,1.1856800923527024,2.268572191520727,1.1528753526812519,0.615114,[0.49 ~ 0.716],0.378365,0.626899,X-GRADE_class2_val,2,val,85
84,Ridge,pKd pKi pIC50,ki,1.3040551726655794,3.58877854805663,1.7071520494916723,0.379106,[0.356 ~ 0.402],0.143722,0.497144,GRADE_class2_test,2,test,3806
85,Ridge,pKd pKi pIC50,ki,1.2779321693056804,2.4620379207070973,0.9781658307396311,0.574357,[0.44 ~ 0.683],0.329886,0.596656,GRADE_class2_val,2,val,85
86,Ridge,pKd pKi pIC50,ki,303916093782.9655,1.8359244753641158e+26,13547659426711.727,-0.017593,[-0.044 ~ 0.009],0.00031,0.49217,X-GRADE_class2_test,2,test,3806
87,Ridge,pKd pKi pIC50,ki,1.2165599354849124,2.395662962865163,1.075500569504249,0.587345,[0.456 ~ 0.694],0.344974,0.626108,X-GRADE_class2_val,2,val,85
88,Lasso,pKd pKi pIC50,ki,1.2969380299288467,3.4825250667968968,1.6715272903673501,0.385313,[0.362 ~ 0.408],0.148466,0.499075,GRADE_class2_test,2,test,3806
89,Lasso,pKd pKi pIC50,ki,1.2702620582152746,2.454825950694368,0.9526211647090344,0.577584,[0.444 ~ 0.686],0.333603,0.598874,GRADE_class2_val,2,val,85
90,Lasso,pKd pKi pIC50,ki,226432630137.49225,1.2795971394020723e+26,11309661454005.45,-0.017976,[-0.045 ~ 0.009],0.000323,0.502351,X-GRADE_class2_test,2,test,3806
91,Lasso,pKd pKi pIC50,ki,1.1679412988592905,2.166296596861945,0.9238363850101142,0.665294,[0.552 ~ 0.755],0.442616,0.687591,X-GRADE_class2_val,2,val,85
92,ElasticNet,pKd pKi pIC50,ki,1.297567194161603,3.5251510944270246,1.6851310363936953,0.382676,[0.36 ~ 0.405],0.146441,0.498684,GRADE_class2_test,2,test,3806
93,ElasticNet,pKd pKi pIC50,ki,1.2714176860981155,2.453994479487539,0.9581230550390705,0.577478,[0.444 ~ 0.686],0.333481,0.594653,GRADE_class2_val,2,val,85
94,ElasticNet,pKd pKi pIC50,ki,249966460568.67935,1.385409436581313e+26,11768289708198.977,-0.017856,[-0.045 ~ 0.009],0.000319,0.505201,X-GRADE_class2_test,2,test,3806
95,ElasticNet,pKd pKi pIC50,ki,1.1839960224505575,2.2297964155763528,0.9761264845837296,0.638478,[0.518 ~ 0.734],0.407655,0.665908,X-GRADE_class2_val,2,val,85
96,SVR,pKd pKi pIC50,ki,1.1423418847492695,2.1086114175056614,1.2010109431023572,0.577345,[0.559 ~ 0.595],0.333327,0.558602,GRADE_class2_test,2,test,3806
97,SVR,pKd pKi pIC50,ki,1.1559225442901246,2.3361700866209745,1.0477472596355812,0.612599,[0.486 ~ 0.714],0.375277,0.612349,GRADE_class2_val,2,val,85
98,SVR,pKd pKi pIC50,ki,1.1769463661252768,2.220479063840925,1.180452143715536,0.532202,[0.513 ~ 0.551],0.283239,0.518847,X-GRADE_class2_test,2,test,3806
99,SVR,pKd pKi pIC50,ki,1.1796327342183335,2.428015039233897,0.9332930765409225,0.596433,[0.467 ~ 0.701],0.355732,0.611675,X-GRADE_class2_val,2,val,85
100,DecisionTree,pKd pKi pIC50,ki,1.5634918549658434,3.9189235680504466,1.8747947097150288,0.42501,[0.403 ~ 0.447],0.180633,0.404208,GRADE_class2_test,2,test,3806
101,DecisionTree,pKd pKi pIC50,ki,1.442470588235294,3.548904705882353,1.5123268993570906,0.419384,[0.259 ~ 0.557],0.175883,0.40809,GRADE_class2_val,2,val,85
102,DecisionTree,pKd pKi pIC50,ki,1.4848476090383604,3.533779217025749,1.7558199834144996,0.426337,[0.404 ~ 0.448],0.181763,0.409463,X-GRADE_class2_test,2,test,3806
103,DecisionTree,pKd pKi pIC50,ki,1.504117647058824,3.3323470588235296,1.4217821362313476,0.430517,[0.272 ~ 0.566],0.185345,0.443328,X-GRADE_class2_val,2,val,85
104,RandomForest,pKd pKi pIC50,ki,1.1217553599579613,2.0852989714634798,1.1965905475211938,0.585889,[0.568 ~ 0.603],0.343266,0.558561,GRADE_class2_test,2,test,3806
105,RandomForest,pKd pKi pIC50,ki,1.2116188235294116,2.490023692941178,0.9103205249834961,0.59084,[0.46 ~ 0.697],0.349092,0.584363,GRADE_class2_val,2,val,85
106,RandomForest,pKd pKi pIC50,ki,1.1038790856542304,2.0015705503678407,1.1722505749630565,0.590932,[0.573 ~ 0.608],0.3492,0.565233,X-GRADE_class2_test,2,test,3806
107,RandomForest,pKd pKi pIC50,ki,1.1997117647058817,2.31507693635294,0.9562456618778507,0.639212,[0.519 ~ 0.735],0.408592,0.628385,X-GRADE_class2_val,2,val,85
108,XGBoost,pKd pKi pIC50,ki,1.1941497982782372,2.3452899351044065,1.438319206237793,0.54985,[0.531 ~ 0.568],0.302335,0.529671,GRADE_class2_test,2,test,3806
109,XGBoost,pKd pKi pIC50,ki,1.275075153799618,2.6345321817830283,1.150030255317688,0.531951,[0.39 ~ 0.65],0.282971,0.488982,GRADE_class2_val,2,val,85
110,XGBoost,pKd pKi pIC50,ki,1.1980570829547337,2.3182466034160942,1.5018125772476196,0.559518,[0.541 ~ 0.578],0.31306,0.537571,X-GRADE_class2_test,2,test,3806
111,XGBoost,pKd pKi pIC50,ki,1.2637747541315414,2.731749870515581,1.1837122440338135,0.516064,[0.371 ~ 0.637],0.266322,0.5139,X-GRADE_class2_val,2,val,85
112,linearRegression,pKd pKi pIC50,kd,1.2876256588810628,6.504442727778065,2.2572927487067562,0.20135,[0.176 ~ 0.227],0.040542,0.482033,GRADE_class2_test,2,test,3806
113,linearRegression,pKd pKi pIC50,kd,1.4262855207573828,3.200442894529899,0.8191162218469693,0.469435,[0.316 ~ 0.599],0.220369,0.518766,GRADE_class2_val,2,val,85
114,linearRegression,pKd pKi pIC50,kd,24802066214.540363,2.340711974397383e+24,1529737504907.8298,-0.018384,[-0.045 ~ 0.008],0.000338,0.465863,X-GRADE_class2_test,2,test,3806
115,linearRegression,pKd pKi pIC50,kd,1.319480690520828,2.8040867044762297,0.8853750596608848,0.557325,[0.42 ~ 0.67],0.310611,0.539658,X-GRADE_class2_val,2,val,85
116,Ridge,pKd pKi pIC50,kd,1.2859415476971696,6.517295097511585,2.259732182432036,0.200757,[0.175 ~ 0.226],0.040304,0.483195,GRADE_class2_test,2,test,3806
117,Ridge,pKd pKi pIC50,kd,1.4254477011925826,3.195479709908952,0.8125265326325432,0.469616,[0.317 ~ 0.599],0.220539,0.516841,GRADE_class2_val,2,val,85
118,Ridge,pKd pKi pIC50,kd,184.64014882342016,79712274.40410815,8926.421152589575,-0.024225,[-0.051 ~ 0.002],0.000587,0.477195,X-GRADE_class2_test,2,test,3806
119,Ridge,pKd pKi pIC50,kd,1.3801809696762655,3.014414188536258,0.8027716742152995,0.499516,[0.351 ~ 0.623],0.249516,0.513842,X-GRADE_class2_val,2,val,85
120,Lasso,pKd pKi pIC50,kd,1.2773000318031147,6.401115991599526,2.229516009708544,0.200418,[0.175 ~ 0.226],0.040167,0.488901,GRADE_class2_test,2,test,3806
121,Lasso,pKd pKi pIC50,kd,1.4230919934029573,3.1773844922921755,0.7838445439444476,0.46987,[0.317 ~ 0.599],0.220778,0.519333,GRADE_class2_val,2,val,85
122,Lasso,pKd pKi pIC50,kd,4.169167618171723,31790.08684093899,178.30763597125573,0.020713,[-0.006 ~ 0.047],0.000429,0.504313,X-GRADE_class2_test,2,test,3806
123,Lasso,pKd pKi pIC50,kd,1.4080110671234427,3.093211835976618,0.6900064708122167,0.46866,[0.316 ~ 0.598],0.219642,0.479914,X-GRADE_class2_val,2,val,85
124,ElasticNet,pKd pKi pIC50,kd,1.278394839487523,6.475299499362354,2.2474582714148363,0.19958,[0.174 ~ 0.225],0.039832,0.488055,GRADE_class2_test,2,test,3806
125,ElasticNet,pKd pKi pIC50,kd,1.4219827018385374,3.173462856090413,0.7777028740196043,0.469645,[0.317 ~ 0.599],0.220567,0.519196,GRADE_class2_val,2,val,85
126,ElasticNet,pKd pKi pIC50,kd,66.81630728559124,7418292.604016842,2722.8793728041637,-0.013991,[-0.041 ~ 0.013],0.000196,0.490924,X-GRADE_class2_test,2,test,3806
127,ElasticNet,pKd pKi pIC50,kd,1.4145720717229784,3.1051998430321213,0.6949448807317232,0.462747,[0.309 ~ 0.593],0.214135,0.479328,X-GRADE_class2_val,2,val,85
128,SVR,pKd pKi pIC50,kd,1.1331717142239874,2.0079147508216852,0.9687822555413915,0.545714,[0.527 ~ 0.564],0.297804,0.533149,GRADE_class2_test,2,test,3806
129,SVR,pKd pKi pIC50,kd,1.3440653601961718,2.918390478076093,0.883073873357791,0.48485,[0.334 ~ 0.611],0.235079,0.485807,GRADE_class2_val,2,val,85
130,SVR,pKd pKi pIC50,kd,1.1990115592527157,2.226538583004604,0.9272034173317226,0.487601,[0.467 ~ 0.508],0.237755,0.469949,X-GRADE_class2_test,2,test,3806
131,SVR,pKd pKi pIC50,kd,1.442770601401702,3.218750168373806,0.7793886538502511,0.406818,[0.245 ~ 0.547],0.165501,0.418724,X-GRADE_class2_val,2,val,85
132,DecisionTree,pKd pKi pIC50,kd,1.5240541250656856,3.7645300840777725,1.6307568418140215,0.3224,[0.298 ~ 0.346],0.103942,0.309505,GRADE_class2_test,2,test,3806
133,DecisionTree,pKd pKi pIC50,kd,1.7801176470588236,4.531650588235293,1.5776766413860246,0.309261,[0.137 ~ 0.463],0.095642,0.26579,GRADE_class2_val,2,val,85
134,DecisionTree,pKd pKi pIC50,kd,1.5357514450867051,3.7391298738833423,1.6858046260460562,0.342537,[0.319 ~ 0.366],0.117332,0.326875,X-GRADE_class2_test,2,test,3806
135,DecisionTree,pKd pKi pIC50,kd,1.9314117647058822,5.4933329411764715,1.6012613367318,0.119551,[-0.061 ~ 0.293],0.014293,0.047069,X-GRADE_class2_val,2,val,85
136,RandomForest,pKd pKi pIC50,kd,1.1032186547556486,1.8941533982869154,0.9373110921752245,0.578748,[0.561 ~ 0.596],0.334949,0.559312,GRADE_class2_test,2,test,3806
137,RandomForest,pKd pKi pIC50,kd,1.2826470588235293,2.726071425176471,0.8431253930359395,0.541227,[0.401 ~ 0.657],0.292926,0.555391,GRADE_class2_val,2,val,85
138,RandomForest,pKd pKi pIC50,kd,1.1159896479243299,1.924243938859695,0.9529060007381367,0.575676,[0.558 ~ 0.593],0.331403,0.551075,X-GRADE_class2_test,2,test,3806
139,RandomForest,pKd pKi pIC50,kd,1.270001176470588,2.6431272784705877,0.8102356397559883,0.565561,[0.43 ~ 0.676],0.31986,0.565553,X-GRADE_class2_val,2,val,85
140,XGBoost,pKd pKi pIC50,kd,1.185942348238674,2.22611417050094,1.181967854499817,0.505383,[0.485 ~ 0.525],0.255412,0.490369,GRADE_class2_test,2,test,3806
141,XGBoost,pKd pKi pIC50,kd,1.3979473223966712,3.0448236624865412,1.1095221042633057,0.444619,[0.288 ~ 0.578],0.197686,0.442665,GRADE_class2_val,2,val,85
142,XGBoost,pKd pKi pIC50,kd,1.2310911241682716,2.396763232865429,1.2495640516281128,0.482349,[0.462 ~ 0.503],0.232661,0.465719,X-GRADE_class2_test,2,test,3806
143,XGBoost,pKd pKi pIC50,kd,1.3737830149706673,2.943987642397173,1.186680555343628,0.486206,[0.336 ~ 0.612],0.236396,0.533004,X-GRADE_class2_val,2,val,85
144,linearRegression,pKd pKi pIC50,all,1.6615433303294869,4.911097925322186,1.7188963601507878,0.321215,[0.295 ~ 0.347],0.103179,0.403664,GRADE_class3_test,3,test,3211
145,linearRegression,pKd pKi pIC50,all,1.5058440346934823,3.3019769229546623,1.3582645726586562,0.713847,[0.623 ~ 0.785],0.509577,0.72156,GRADE_class3_val,3,val,103
146,linearRegression,pKd pKi pIC50,all,341628434.4100628,3.5635746579137475e+20,18874341221.19333,0.012189,[-0.017 ~ 0.041],0.000149,0.391068,X-GRADE_class3_test,3,test,3211
147,linearRegression,pKd pKi pIC50,all,1.4453478833953548,3.097285645795894,1.2937877629064791,0.743244,[0.66 ~ 0.808],0.552412,0.765277,X-GRADE_class3_val,3,val,103
148,Ridge,pKd pKi pIC50,all,1.6545762706351277,4.852537864056093,1.7051182775496243,0.32426,[0.298 ~ 0.35],0.105145,0.404831,GRADE_class3_test,3,test,3211
149,Ridge,pKd pKi pIC50,all,1.502542186529886,3.2912301676857223,1.3531815533371478,0.715595,[0.626 ~ 0.787],0.512076,0.725146,GRADE_class3_val,3,val,103
150,Ridge,pKd pKi pIC50,all,140.21583367275198,25616758.30805806,5060.314616048064,0.000468,[-0.029 ~ 0.03],0.0,0.407593,X-GRADE_class3_test,3,test,3211
151,Ridge,pKd pKi pIC50,all,1.4472612475307403,3.0327504766207225,1.2604802672070032,0.758572,[0.68 ~ 0.82],0.575432,0.787304,X-GRADE_class3_val,3,val,103
152,Lasso,pKd pKi pIC50,all,1.6345948390136937,4.686527174852923,1.6615127090625916,0.332378,[0.306 ~ 0.358],0.110475,0.407769,GRADE_class3_test,3,test,3211
153,Lasso,pKd pKi pIC50,all,1.4851662013264386,3.2379239031672844,1.330832343673452,0.72463,[0.637 ~ 0.794],0.525088,0.736129,GRADE_class3_val,3,val,103
154,Lasso,pKd pKi pIC50,all,12.258021660376581,34029.012527912564,184.43116230657068,-0.014305,[-0.043 ~ 0.015],0.000205,0.438291,X-GRADE_class3_test,3,test,3211
155,Lasso,pKd pKi pIC50,all,1.4469781952104854,2.9825313302073533,1.2314700982852882,0.770928,[0.695 ~ 0.83],0.594331,0.793569,X-GRADE_class3_val,3,val,103
156,ElasticNet,pKd pKi pIC50,all,1.6534531195835143,4.843101012723872,1.702397849126971,0.32464,[0.298 ~ 0.35],0.105391,0.404918,GRADE_class3_test,3,test,3211
157,ElasticNet,pKd pKi pIC50,all,1.4957482437973695,3.2698434290105585,1.3438412793485583,0.71916,[0.63 ~ 0.79],0.517191,0.729143,GRADE_class3_val,3,val,103
158,ElasticNet,pKd pKi pIC50,all,14.735682190844713,50891.329082094315,225.5415136066768,-0.016571,[-0.046 ~ 0.012],0.000275,0.472428,X-GRADE_class3_test,3,test,3211
159,ElasticNet,pKd pKi pIC50,all,1.452338445364695,3.0166809152448155,1.1796277883954907,0.777387,[0.704 ~ 0.835],0.60433,0.796398,X-GRADE_class3_val,3,val,103
160,SVR,pKd pKi pIC50,all,1.240751361195157,2.5070806458352144,1.2494344050914719,0.594227,[0.575 ~ 0.613],0.353106,0.562138,GRADE_class3_test,3,test,3211
161,SVR,pKd pKi pIC50,all,1.3430051683219446,2.6946158181372826,1.469697298587229,0.780163,[0.707 ~ 0.837],0.608655,0.7905,GRADE_class3_val,3,val,103
162,SVR,pKd pKi pIC50,all,1.2407203094139674,2.5144369394938653,1.207656190477611,0.586896,[0.568 ~ 0.606],0.344447,0.552837,X-GRADE_class3_test,3,test,3211
163,SVR,pKd pKi pIC50,all,1.4122881185235188,3.039719684396526,1.3001372110521419,0.75151,[0.671 ~ 0.815],0.564767,0.763987,X-GRADE_class3_val,3,val,103
164,DecisionTree,pKd pKi pIC50,all,1.6797477421364062,4.654202024291498,1.9202617155366468,0.382972,[0.358 ~ 0.407],0.146668,0.372449,GRADE_class3_test,3,test,3211
165,DecisionTree,pKd pKi pIC50,all,1.460388349514563,3.65122718446602,2.1114757744932886,0.665835,[0.564 ~ 0.748],0.443336,0.657736,GRADE_class3_val,3,val,103
166,DecisionTree,pKd pKi pIC50,all,1.633441295546559,4.391999626284647,1.9347201123519173,0.42073,[0.397 ~ 0.444],0.177014,0.409184,X-GRADE_class3_test,3,test,3211
167,DecisionTree,pKd pKi pIC50,all,1.5562135922330094,4.089022330097088,2.123288700627333,0.625482,[0.515 ~ 0.716],0.391228,0.625053,X-GRADE_class3_val,3,val,103
168,RandomForest,pKd pKi pIC50,all,1.2291384926814077,2.4607564372376203,1.2359476945026016,0.598195,[0.579 ~ 0.617],0.357837,0.559701,GRADE_class3_test,3,test,3211
169,RandomForest,pKd pKi pIC50,all,1.2565048543689314,2.289978160194174,1.5351014045922173,0.821895,[0.761 ~ 0.869],0.675511,0.816024,GRADE_class3_val,3,val,103
170,RandomForest,pKd pKi pIC50,all,1.2271636561818746,2.4703948544845837,1.2454848070728544,0.597963,[0.579 ~ 0.616],0.357559,0.564881,X-GRADE_class3_test,3,test,3211
171,RandomForest,pKd pKi pIC50,all,1.2255621359223303,2.2349546323300964,1.5089646722017913,0.831668,[0.774 ~ 0.876],0.691671,0.835695,X-GRADE_class3_val,3,val,103
172,XGBoost,pKd pKi pIC50,all,1.3763454813082543,3.1002232019066613,1.5305527448654175,0.515098,[0.493 ~ 0.536],0.265326,0.493225,GRADE_class3_test,3,test,3211
173,XGBoost,pKd pKi pIC50,all,1.418037925183194,3.094425932683228,1.6914008855819702,0.714133,[0.624 ~ 0.786],0.509986,0.715711,GRADE_class3_val,3,val,103
174,XGBoost,pKd pKi pIC50,all,1.382997867481169,3.1645636237846184,1.4730849266052246,0.509191,[0.487 ~ 0.53],0.259275,0.49011,X-GRADE_class3_test,3,test,3211
175,XGBoost,pKd pKi pIC50,all,1.338125922934523,2.5605598331583126,1.7299920320510864,0.774817,[0.7 ~ 0.833],0.600342,0.782087,X-GRADE_class3_val,3,val,103
176,linearRegression,pKd pKi pIC50,ki,1.839677690706107,6.618060292638893,2.164148774539942,0.260038,[0.233 ~ 0.287],0.06762,0.38045,GRADE_class3_test,3,test,3211
177,linearRegression,pKd pKi pIC50,ki,1.3947394823558583,2.9088629618417605,1.5219272717196082,0.73975,[0.656 ~ 0.806],0.547231,0.751071,GRADE_class3_val,3,val,103
178,linearRegression,pKd pKi pIC50,ki,2.1463354722088652e+20,2.1328155249071515e+43,4.613251314458499e+21,-0.004839,[-0.034 ~ 0.024],2.3e-05,0.350576,X-GRADE_class3_test,3,test,3211
179,linearRegression,pKd pKi pIC50,ki,4.2437869121092335,553.7064504851495,23.43530865738563,0.091345,[-0.073 ~ 0.251],0.008344,0.778072,X-GRADE_class3_val,3,val,103
180,Ridge,pKd pKi pIC50,ki,1.8180811230086418,6.391302443940252,2.119609092920216,0.266573,[0.239 ~ 0.293],0.071061,0.382397,GRADE_class3_test,3,test,3211
181,Ridge,pKd pKi pIC50,ki,1.3893024069437778,2.89360670289024,1.5110671086402103,0.742466,[0.659 ~ 0.808],0.551255,0.753904,GRADE_class3_val,3,val,103
182,Ridge,pKd pKi pIC50,ki,726239834203.0968,1.6931152302033994e+27,41141072258432.125,-0.005297,[-0.034 ~ 0.024],2.8e-05,0.38583,X-GRADE_class3_test,3,test,3211
183,Ridge,pKd pKi pIC50,ki,1.661738947836061,12.903628169608282,3.5876764752124854,0.35458,[0.203 ~ 0.489],0.125727,0.798094,X-GRADE_class3_val,3,val,103
184,Lasso,pKd pKi pIC50,ki,1.801152911333445,6.219722201045404,2.0832326781260004,0.270887,[0.244 ~ 0.298],0.07338,0.383801,GRADE_class3_test,3,test,3211
185,Lasso,pKd pKi pIC50,ki,1.3701356718255726,2.848359183565981,1.4812660784466918,0.750913,[0.67 ~ 0.814],0.563871,0.767392,GRADE_class3_val,3,val,103
186,Lasso,pKd pKi pIC50,ki,604888827133.0853,1.1745284963855227e+27,34266056834007.8,-0.005296,[-0.034 ~ 0.024],2.8e-05,0.386765,X-GRADE_class3_test,3,test,3211
187,Lasso,pKd pKi pIC50,ki,1.3419748769092605,2.5419687018261925,1.3983988971096255,0.80571,[0.74 ~ 0.856],0.649168,0.81168,X-GRADE_class3_val,3,val,103
188,ElasticNet,pKd pKi pIC50,ki,1.787308395690683,6.079584263181703,2.0556080575131372,0.275806,[0.249 ~ 0.302],0.076069,0.385219,GRADE_class3_test,3,test,3211
189,ElasticNet,pKd pKi pIC50,ki,1.3671595402873846,2.8451389447098965,1.471719126517657,0.752305,[0.672 ~ 0.815],0.565963,0.770884,GRADE_class3_val,3,val,103
190,ElasticNet,pKd pKi pIC50,ki,635856281290.8638,1.297918124854689e+27,36021019279192.23,-0.005297,[-0.034 ~ 0.024],2.8e-05,0.40354,X-GRADE_class3_test,3,test,3211
191,ElasticNet,pKd pKi pIC50,ki,1.3547892164670596,2.5749536887516244,1.4015926783628847,0.800039,[0.733 ~ 0.852],0.640062,0.810681,X-GRADE_class3_val,3,val,103
192,SVR,pKd pKi pIC50,ki,1.2346976040616842,2.463322118752558,1.2277652900669516,0.601721,[0.583 ~ 0.62],0.362069,0.566719,GRADE_class3_test,3,test,3211
193,SVR,pKd pKi pIC50,ki,1.350580031271996,2.6468601706607053,1.4493424937786261,0.78269,[0.71 ~ 0.839],0.612603,0.796727,GRADE_class3_val,3,val,103
194,SVR,pKd pKi pIC50,ki,1.27546717203905,2.613917610836697,1.2388275889968616,0.574321,[0.555 ~ 0.593],0.329844,0.540471,X-GRADE_class3_test,3,test,3211
195,SVR,pKd pKi pIC50,ki,1.3409510529316004,2.6576570380056803,1.3000691240227524,0.807017,[0.742 ~ 0.857],0.651276,0.814234,X-GRADE_class3_val,3,val,103
196,DecisionTree,pKd pKi pIC50,ki,1.7553192151977577,5.074317626907506,1.9568548853023375,0.342918,[0.317 ~ 0.368],0.117593,0.335405,GRADE_class3_test,3,test,3211
197,DecisionTree,pKd pKi pIC50,ki,1.5420388349514567,3.8438029126213586,2.1896003351467175,0.655356,[0.551 ~ 0.739],0.429491,0.661037,GRADE_class3_val,3,val,103
198,DecisionTree,pKd pKi pIC50,ki,1.6637589535970103,4.380972438492682,1.8138847767121924,0.393334,[0.369 ~ 0.418],0.154711,0.359089,X-GRADE_class3_test,3,test,3211
199,DecisionTree,pKd pKi pIC50,ki,1.6899029126213592,4.281836893203883,2.0892213090521925,0.603246,[0.488 ~ 0.698],0.363905,0.602786,X-GRADE_class3_val,3,val,103
200,RandomForest,pKd pKi pIC50,ki,1.2585206789162255,2.5655264329149805,1.2749813723251262,0.584924,[0.565 ~ 0.604],0.342136,0.548657,GRADE_class3_test,3,test,3211
201,RandomForest,pKd pKi pIC50,ki,1.3205873786407765,2.5088832432038832,1.5214758410660638,0.792621,[0.723 ~ 0.846],0.628248,0.796002,GRADE_class3_val,3,val,103
202,RandomForest,pKd pKi pIC50,ki,1.2364668639053256,2.4662207912768612,1.2688194212970776,0.602573,[0.584 ~ 0.621],0.363094,0.565814,X-GRADE_class3_test,3,test,3211
203,RandomForest,pKd pKi pIC50,ki,1.2535155339805826,2.310695085339806,1.4879114985572504,0.822937,[0.762 ~ 0.869],0.677225,0.821917,X-GRADE_class3_val,3,val,103
204,XGBoost,pKd pKi pIC50,ki,1.3971048814000762,3.2369049071186238,1.5940370559692383,0.502446,[0.48 ~ 0.524],0.252452,0.498218,GRADE_class3_test,3,test,3211
205,XGBoost,pKd pKi pIC50,ki,1.317747437838212,2.734994550894347,1.671903133392334,0.751096,[0.67 ~ 0.814],0.564145,0.774058,GRADE_class3_val,3,val,103
206,XGBoost,pKd pKi pIC50,ki,1.3748903160576358,3.1693814117257824,1.5867525339126587,0.517712,[0.496 ~ 0.539],0.268026,0.505739,X-GRADE_class3_test,3,test,3211
207,XGBoost,pKd pKi pIC50,ki,1.3627770397964034,2.676992647103919,1.6942535638809204,0.757111,[0.678 ~ 0.819],0.573216,0.76966,X-GRADE_class3_val,3,val,103
208,linearRegression,pKd pKi pIC50,kd,1.5200170517493694,3.7121312245935436,1.2173990423591725,0.397132,[0.372 ~ 0.421],0.157714,0.433903,GRADE_class3_test,3,test,3211
209,linearRegression,pKd pKi pIC50,kd,1.5698218297094217,3.708319514046382,1.0480523867907516,0.725257,[0.638 ~ 0.794],0.525998,0.73799,GRADE_class3_val,3,val,103
210,linearRegression,pKd pKi pIC50,kd,33432214085336.746,1.4659610147341673e+30,1210390883245360.8,-0.011606,[-0.041 ~ 0.017],0.000135,0.391539,X-GRADE_class3_test,3,test,3211
211,linearRegression,pKd pKi pIC50,kd,677466.1011394359,47270948672899.695,6841928.994307088,0.032055,[-0.132 ~ 0.194],0.001028,0.563432,X-GRADE_class3_val,3,val,103
212,Ridge,pKd pKi pIC50,kd,1.5125453238815352,3.6685205583370175,1.2044442225785865,0.401994,[0.377 ~ 0.426],0.161599,0.437219,GRADE_class3_test,3,test,3211
213,Ridge,pKd pKi pIC50,kd,1.5657070542740577,3.6962798248917625,1.0410395413887379,0.728428,[0.642 ~ 0.797],0.530607,0.740346,GRADE_class3_val,3,val,103
214,Ridge,pKd pKi pIC50,kd,884.740293378294,340294452.2123751,18428.401612448248,-0.010716,[-0.04 ~ 0.018],0.000115,0.43382,X-GRADE_class3_test,3,test,3211
215,Ridge,pKd pKi pIC50,kd,2.363851784458696,59.6703460029613,7.407172021066088,0.070212,[-0.094 ~ 0.231],0.00493,0.704805,X-GRADE_class3_val,3,val,103
216,Lasso,pKd pKi pIC50,kd,1.4998335995722443,3.595403611401759,1.1797946971908904,0.410207,[0.386 ~ 0.434],0.16827,0.442777,GRADE_class3_test,3,test,3211
217,Lasso,pKd pKi pIC50,kd,1.5454974840611528,3.641660733570352,1.0084558016112368,0.744382,[0.662 ~ 0.809],0.554104,0.759165,GRADE_class3_val,3,val,103
218,Lasso,pKd pKi pIC50,kd,602.3654756422366,183128480.04253507,13519.153518826946,-0.010967,[-0.04 ~ 0.018],0.00012,0.452468,X-GRADE_class3_test,3,test,3211
219,Lasso,pKd pKi pIC50,kd,1.9367714778109806,19.034382727606307,3.9046655518168687,0.144669,[-0.019 ~ 0.301],0.020929,0.753729,X-GRADE_class3_val,3,val,103
220,ElasticNet,pKd pKi pIC50,kd,1.4762920257954106,3.4649225122114853,1.1395049854309605,0.426377,[0.402 ~ 0.45],0.181797,0.455012,GRADE_class3_test,3,test,3211
221,ElasticNet,pKd pKi pIC50,kd,1.5430608148718667,3.635636069464809,1.0034268421071875,0.746259,[0.664 ~ 0.811],0.556903,0.763119,GRADE_class3_val,3,val,103
222,ElasticNet,pKd pKi pIC50,kd,376.1543689066144,82719588.75102064,9087.30116522552,-0.011375,[-0.04 ~ 0.018],0.000129,0.509175,X-GRADE_class3_test,3,test,3211
223,ElasticNet,pKd pKi pIC50,kd,2.1050009889566796,30.205090479489176,5.115459364279796,0.108635,[-0.055 ~ 0.267],0.011801,0.738946,X-GRADE_class3_val,3,val,103
224,SVR,pKd pKi pIC50,kd,1.290078386586698,2.685548186418487,1.1208475908656332,0.565327,[0.545 ~ 0.585],0.319595,0.537445,GRADE_class3_test,3,test,3211
225,SVR,pKd pKi pIC50,kd,1.4667172811681566,3.344013135651617,1.3282743721619583,0.716965,[0.627 ~ 0.788],0.514039,0.726063,GRADE_class3_val,3,val,103
226,SVR,pKd pKi pIC50,kd,1.3198042926392974,2.7922112727462127,1.0185511011654154,0.539597,[0.519 ~ 0.56],0.291164,0.496317,X-GRADE_class3_test,3,test,3211
227,SVR,pKd pKi pIC50,kd,1.6205240772323266,3.9731847614208298,1.0835299905181217,0.640516,[0.533 ~ 0.728],0.41026,0.619815,X-GRADE_class3_val,3,val,103
228,DecisionTree,pKd pKi pIC50,kd,1.7853192151977577,5.115456680161944,1.8645141744353573,0.312293,[0.286 ~ 0.338],0.097527,0.29318,GRADE_class3_test,3,test,3211
229,DecisionTree,pKd pKi pIC50,kd,1.9320388349514563,6.118866019417477,1.9157107373952071,0.394793,[0.248 ~ 0.524],0.155861,0.381797,GRADE_class3_val,3,val,103
230,DecisionTree,pKd pKi pIC50,kd,1.7112737464964185,4.810781812519465,1.8927043285441945,0.35655,[0.331 ~ 0.382],0.127128,0.351473,X-GRADE_class3_test,3,test,3211
231,DecisionTree,pKd pKi pIC50,kd,1.9709708737864073,6.200210679611651,1.8629952004705093,0.385785,[0.238 ~ 0.516],0.14883,0.384508,X-GRADE_class3_val,3,val,103
232,RandomForest,pKd pKi pIC50,kd,1.284477234506384,2.675136915341015,1.1125585780095906,0.559802,[0.54 ~ 0.579],0.313378,0.530754,GRADE_class3_test,3,test,3211
233,RandomForest,pKd pKi pIC50,kd,1.3328941747572818,2.791774475631068,1.2797360043985275,0.80612,[0.74 ~ 0.857],0.64983,0.816112,GRADE_class3_val,3,val,103
234,RandomForest,pKd pKi pIC50,kd,1.2939063220180629,2.698630622921208,1.1178220356196242,0.563445,[0.543 ~ 0.583],0.31747,0.532386,X-GRADE_class3_test,3,test,3211
235,RandomForest,pKd pKi pIC50,kd,1.4137038834951454,2.9946151666990293,1.2598726787169545,0.775244,[0.701 ~ 0.833],0.601003,0.787144,X-GRADE_class3_val,3,val,103
236,XGBoost,pKd pKi pIC50,kd,1.4121305607977181,3.2185000022282435,1.3921852111816406,0.481423,[0.459 ~ 0.503],0.231768,0.455883,GRADE_class3_test,3,test,3211
237,XGBoost,pKd pKi pIC50,kd,1.592083486353309,3.698441735450417,1.4215714931488037,0.651833,[0.547 ~ 0.737],0.424886,0.663586,GRADE_class3_val,3,val,103
238,XGBoost,pKd pKi pIC50,kd,1.4602939721751682,3.4760815390645408,1.4059885740280151,0.449933,[0.426 ~ 0.473],0.20244,0.429879,X-GRADE_class3_test,3,test,3211
239,XGBoost,pKd pKi pIC50,kd,1.592088899242068,3.8264456027311824,1.5234912633895874,0.637089,[0.529 ~ 0.725],0.405882,0.630714,X-GRADE_class3_val,3,val,103
240,linearRegression,pKd pKi pIC50,all,1.5295656790920702,3.8322110576032964,1.3730880398679468,0.428536,[0.355 ~ 0.497],0.183643,0.47838,GRADE_class4_test,4,test,357
241,linearRegression,pKd pKi pIC50,all,1.4025926612352824,2.665865929430004,0.6239095591848947,0.725209,[0.288 ~ 0.912],0.525928,0.69697,GRADE_class4_val,4,val,10
242,linearRegression,pKd pKi pIC50,all,47009.392100181816,776864813078.2384,880144.7530119491,-0.075097,[-0.161 ~ 0.012],0.00564,0.51724,X-GRADE_class4_test,4,test,357
243,linearRegression,pKd pKi pIC50,all,1.5431628417968748,3.29762804434899,0.6170118921375118,0.448117,[-0.138 ~ 0.802],0.200809,0.6,X-GRADE_class4_val,4,val,10
244,Ridge,pKd pKi pIC50,all,1.5275070584251684,3.818239159450774,1.3651221792696575,0.429623,[0.356 ~ 0.498],0.184576,0.478883,GRADE_class4_test,4,test,357
245,Ridge,pKd pKi pIC50,all,1.4050476835460093,2.669158826593631,0.6247355939004569,0.721689,[0.282 ~ 0.911],0.520835,0.69697,GRADE_class4_val,4,val,10
246,Ridge,pKd pKi pIC50,all,3.576512837577442,1148.6630888672498,33.98620079787198,0.107722,[0.021 ~ 0.193],0.011604,0.575487,X-GRADE_class4_test,4,test,357
247,Ridge,pKd pKi pIC50,all,1.4989366915810594,3.022275149249839,0.6204324547571564,0.544941,[-0.011 ~ 0.843],0.296961,0.672727,X-GRADE_class4_val,4,val,10
248,Lasso,pKd pKi pIC50,all,1.5221830982011615,3.77793349860084,1.3330785453237814,0.431697,[0.358 ~ 0.5],0.186362,0.479706,GRADE_class4_test,4,test,357
249,Lasso,pKd pKi pIC50,all,1.4223378138011504,2.7042573228404203,0.6275692869938803,0.696141,[0.234 ~ 0.902],0.484612,0.636364,GRADE_class4_val,4,val,10
250,Lasso,pKd pKi pIC50,all,2.5717051774449318,351.8240809668134,18.856244675305376,0.123502,[0.037 ~ 0.208],0.015253,0.581447,X-GRADE_class4_test,4,test,357
251,Lasso,pKd pKi pIC50,all,1.4745086806768788,2.8525652854483274,0.6839683729617783,0.586035,[0.05 ~ 0.86],0.343437,0.660606,X-GRADE_class4_val,4,val,10
252,ElasticNet,pKd pKi pIC50,all,1.5246376116898495,3.797950740740052,1.3511705583695435,0.430922,[0.357 ~ 0.499],0.185694,0.479539,GRADE_class4_test,4,test,357
253,ElasticNet,pKd pKi pIC50,all,1.406883492674592,2.672881095915127,0.6248580372773105,0.719062,[0.277 ~ 0.91],0.517049,0.69697,GRADE_class4_val,4,val,10
254,ElasticNet,pKd pKi pIC50,all,3.1454225328655867,753.9369935608923,27.557156513807662,0.11241,[0.025 ~ 0.198],0.012636,0.580508,X-GRADE_class4_test,4,test,357
255,ElasticNet,pKd pKi pIC50,all,1.4750371313237827,2.84435959011664,0.6544499002983221,0.603335,[0.077 ~ 0.867],0.364013,0.660606,X-GRADE_class4_val,4,val,10
256,SVR,pKd pKi pIC50,all,1.3921059051299887,3.225135603347951,1.2407025326634464,0.527915,[0.462 ~ 0.588],0.278695,0.549648,GRADE_class4_test,4,test,357
257,SVR,pKd pKi pIC50,all,1.9829569914771703,4.7767700171977285,1.3581656258832406,0.254033,[-0.347 ~ 0.707],0.064533,0.175758,GRADE_class4_val,4,val,10
258,SVR,pKd pKi pIC50,all,1.361963613968683,3.1203866888100524,1.3190841505064004,0.560509,[0.498 ~ 0.618],0.31417,0.595764,X-GRADE_class4_test,4,test,357
259,SVR,pKd pKi pIC50,all,1.5775359729056213,3.2837912708099717,0.9422572382090019,0.658306,[0.167 ~ 0.888],0.433367,0.69697,X-GRADE_class4_val,4,val,10
260,DecisionTree,pKd pKi pIC50,all,1.7060224089635854,5.154040056022409,2.053592904336783,0.413092,[0.338 ~ 0.483],0.170645,0.434433,GRADE_class4_test,4,test,357
261,DecisionTree,pKd pKi pIC50,all,2.022,6.343159999999999,1.9826487333867286,0.225183,[-0.374 ~ 0.691],0.050707,0.163636,GRADE_class4_val,4,val,10
262,DecisionTree,pKd pKi pIC50,all,1.681792717086835,5.042459943977592,1.9905524007009037,0.401523,[0.326 ~ 0.472],0.161221,0.449438,X-GRADE_class4_test,4,test,357
263,DecisionTree,pKd pKi pIC50,all,2.5489999999999995,10.127389999999998,2.053910660179746,-0.176085,[-0.664 ~ 0.417],0.031006,-0.146344,X-GRADE_class4_val,4,val,10
264,RandomForest,pKd pKi pIC50,all,1.2970487394957986,2.926405237422969,1.2631399089386208,0.585974,[0.526 ~ 0.64],0.343366,0.616064,GRADE_class4_test,4,test,357
265,RandomForest,pKd pKi pIC50,all,1.7085600000000007,3.5109521279999987,1.0982964401289856,0.379451,[-0.219 ~ 0.77],0.143983,0.260606,GRADE_class4_val,4,val,10
266,RandomForest,pKd pKi pIC50,all,1.2498476190476193,2.8180454980392162,1.2439305782351227,0.603159,[0.545 ~ 0.656],0.363801,0.639386,X-GRADE_class4_test,4,test,357
267,RandomForest,pKd pKi pIC50,all,1.594099999999999,3.487262559999995,0.7139571390496767,0.366215,[-0.233 ~ 0.764],0.134114,0.284848,X-GRADE_class4_val,4,val,10
268,XGBoost,pKd pKi pIC50,all,1.4263327741890062,3.4875385183209024,1.5079426765441895,0.505528,[0.438 ~ 0.568],0.255559,0.54731,GRADE_class4_test,4,test,357
269,XGBoost,pKd pKi pIC50,all,1.80784912109375,3.86801822383845,1.0737583637237549,0.295771,[-0.307 ~ 0.729],0.08748,0.321212,GRADE_class4_val,4,val,10
270,XGBoost,pKd pKi pIC50,all,1.3776233422789588,3.418803666539607,1.3974603414535522,0.503574,[0.435 ~ 0.566],0.253586,0.550314,X-GRADE_class4_test,4,test,357
271,XGBoost,pKd pKi pIC50,all,1.5784480876922609,3.438599420593536,0.9745213985443115,0.42544,[-0.166 ~ 0.792],0.180999,0.442424,X-GRADE_class4_val,4,val,10
272,linearRegression,pKd pKi pIC50,ki,1.6118337371163827,4.358168005039636,1.6058930953049708,0.390837,[0.314 ~ 0.462],0.152754,0.458112,GRADE_class4_test,4,test,357
273,linearRegression,pKd pKi pIC50,ki,1.4759647622197019,2.8914256102870914,0.6671612667069772,0.586404,[0.05 ~ 0.86],0.343869,0.6,GRADE_class4_val,4,val,10
274,linearRegression,pKd pKi pIC50,ki,2295504048297354.0,1.881153945266129e+33,4.331148353993906e+16,-0.014418,[-0.101 ~ 0.073],0.000208,0.50644,X-GRADE_class4_test,4,test,357
275,linearRegression,pKd pKi pIC50,ki,1.8771868896484374,4.901521470117009,0.9142652667199499,0.000482,[-0.552 ~ 0.553],0.0,0.006061,X-GRADE_class4_val,4,val,10
276,Ridge,pKd pKi pIC50,ki,1.604128884377809,4.302136069022074,1.581325447931719,0.393494,[0.317 ~ 0.465],0.154837,0.458697,GRADE_class4_test,4,test,357
277,Ridge,pKd pKi pIC50,ki,1.4806304468237195,2.8969813785146497,0.6673501235053023,0.582087,[0.044 ~ 0.858],0.338825,0.6,GRADE_class4_val,4,val,10
278,Ridge,pKd pKi pIC50,ki,5.25087747387978,2014.68299944942,44.93179980496482,0.071435,[-0.016 ~ 0.158],0.005103,0.549395,X-GRADE_class4_test,4,test,357
279,Ridge,pKd pKi pIC50,ki,1.6588510888973134,3.7256535798198627,0.7620553291190567,0.270373,[-0.331 ~ 0.716],0.073102,0.406061,X-GRADE_class4_val,4,val,10
280,Lasso,pKd pKi pIC50,ki,1.591799801840388,4.1963879946897205,1.5117764359189854,0.394356,[0.318 ~ 0.466],0.155517,0.457863,GRADE_class4_test,4,test,357
281,Lasso,pKd pKi pIC50,ki,1.508855395204866,2.9620210429468257,0.6785202920144536,0.545611,[-0.01 ~ 0.844],0.297691,0.6,GRADE_class4_val,4,val,10
282,Lasso,pKd pKi pIC50,ki,3.0090886628245292,359.30979614250606,19.13463021504282,0.142863,[0.056 ~ 0.227],0.02041,0.554765,X-GRADE_class4_test,4,test,357
283,Lasso,pKd pKi pIC50,ki,1.501242186760707,3.0412685127180747,0.7106782319547899,0.515244,[-0.052 ~ 0.831],0.265477,0.430303,X-GRADE_class4_val,4,val,10
284,ElasticNet,pKd pKi pIC50,ki,1.5916216401123966,4.206518401748056,1.5308785808059264,0.396868,[0.321 ~ 0.468],0.157504,0.458781,GRADE_class4_test,4,test,357
285,ElasticNet,pKd pKi pIC50,ki,1.4995579750249681,2.9341106693408467,0.6723555383918108,0.559898,[0.011 ~ 0.85],0.313486,0.6,GRADE_class4_val,4,val,10
286,ElasticNet,pKd pKi pIC50,ki,4.183818697030413,855.039701471706,29.337467444457168,0.10585,[0.019 ~ 0.191],0.011204,0.55589,X-GRADE_class4_test,4,test,357
287,ElasticNet,pKd pKi pIC50,ki,1.503708578906591,3.0709830922670704,0.7048757551830044,0.505327,[-0.065 ~ 0.827],0.255356,0.442424,X-GRADE_class4_val,4,val,10
288,SVR,pKd pKi pIC50,ki,1.430703278803772,3.347356542179741,1.3361269681307297,0.5221,[0.456 ~ 0.583],0.272588,0.534238,GRADE_class4_test,4,test,357
289,SVR,pKd pKi pIC50,ki,1.7894873515789598,3.7864379573659823,1.0476604761951571,0.361595,[-0.238 ~ 0.762],0.130751,0.29697,GRADE_class4_val,4,val,10
290,SVR,pKd pKi pIC50,ki,1.424497310002618,3.420430051399284,1.4252896948840095,0.524223,[0.458 ~ 0.585],0.274809,0.551567,X-GRADE_class4_test,4,test,357
291,SVR,pKd pKi pIC50,ki,1.3044522035387227,2.299050017847509,0.7659137198509519,0.840972,[0.539 ~ 0.951],0.707235,0.757576,X-GRADE_class4_val,4,val,10
292,DecisionTree,pKd pKi pIC50,ki,1.8377871148459384,5.6232596638655465,2.071346902479604,0.361064,[0.283 ~ 0.435],0.130367,0.359566,GRADE_class4_test,4,test,357
293,DecisionTree,pKd pKi pIC50,ki,1.35,3.1978599999999995,1.9136039297618512,0.583573,[0.046 ~ 0.859],0.340557,0.528878,GRADE_class4_val,4,val,10
294,DecisionTree,pKd pKi pIC50,ki,1.6838935574229694,4.756798039215687,1.8756708068330994,0.408396,[0.333 ~ 0.479],0.166787,0.419263,X-GRADE_class4_test,4,test,357
295,DecisionTree,pKd pKi pIC50,ki,2.162,7.655099999999999,1.6465551919082457,-0.103774,[-0.621 ~ 0.476],0.010769,-0.006061,X-GRADE_class4_val,4,val,10
296,RandomForest,pKd pKi pIC50,ki,1.3611380952380954,3.1782533586834734,1.3228321650445296,0.548742,[0.485 ~ 0.607],0.301118,0.56924,GRADE_class4_test,4,test,357
297,RandomForest,pKd pKi pIC50,ki,1.7194500000000001,3.5037036190000004,1.252833515076924,0.408011,[-0.186 ~ 0.784],0.166473,0.357576,GRADE_class4_val,4,val,10
298,RandomForest,pKd pKi pIC50,ki,1.3681128851540618,3.184978210168069,1.2147836047916143,0.533735,[0.468 ~ 0.593],0.284873,0.537648,X-GRADE_class4_test,4,test,357
299,RandomForest,pKd pKi pIC50,ki,1.7150100000000001,3.6763180090000005,0.80292156335473,0.386531,[-0.211 ~ 0.774],0.149407,0.490909,X-GRADE_class4_val,4,val,10
300,XGBoost,pKd pKi pIC50,ki,1.4015758720098757,3.404054006426213,1.5915926694869995,0.533003,[0.468 ~ 0.593],0.284093,0.554969,GRADE_class4_test,4,test,357
301,XGBoost,pKd pKi pIC50,ki,1.4896840572357177,2.944329366203941,1.3767279386520386,0.531715,[-0.029 ~ 0.838],0.28272,0.50303,GRADE_class4_val,4,val,10
302,XGBoost,pKd pKi pIC50,ki,1.4027136248099705,3.4717482449786687,1.6102317571640015,0.522817,[0.456 ~ 0.583],0.273337,0.557842,X-GRADE_class4_test,4,test,357
303,XGBoost,pKd pKi pIC50,ki,1.8331240005493163,4.537955873953521,1.2810157537460327,0.322663,[-0.279 ~ 0.743],0.104111,0.430303,X-GRADE_class4_val,4,val,10
304,linearRegression,pKd pKi pIC50,kd,1.4794437218481649,3.55147925713286,1.1139154497006345,0.450516,[0.378 ~ 0.517],0.202965,0.469956,GRADE_class4_test,4,test,357
305,linearRegression,pKd pKi pIC50,kd,1.4715547204079367,2.8954229251821415,0.6842297864447474,0.588095,[0.053 ~ 0.861],0.345856,0.466667,GRADE_class4_val,4,val,10
306,linearRegression,pKd pKi pIC50,kd,184544594286.56982,1.170739904442026e+25,3416630735097.224,0.075694,[-0.012 ~ 0.162],0.00573,0.573291,X-GRADE_class4_test,4,test,357
307,linearRegression,pKd pKi pIC50,kd,1.5081744384765623,3.3248679117503506,0.7473347967931181,0.405599,[-0.189 ~ 0.783],0.164511,0.393939,X-GRADE_class4_val,4,val,10
308,Ridge,pKd pKi pIC50,kd,1.4772074198238045,3.5431564096142734,1.10524645074106,0.451652,[0.379 ~ 0.518],0.20399,0.47007,GRADE_class4_test,4,test,357
309,Ridge,pKd pKi pIC50,kd,1.475954555089464,2.9088706830564055,0.6872297755794152,0.58055,[0.042 ~ 0.858],0.337039,0.466667,GRADE_class4_val,4,val,10
310,Ridge,pKd pKi pIC50,kd,155.7445759693871,5631191.594534745,2368.1613499426303,0.086906,[-0.0 ~ 0.173],0.007553,0.603614,X-GRADE_class4_test,4,test,357
311,Ridge,pKd pKi pIC50,kd,1.3039695699127642,2.4982162881454704,0.7533127235026252,0.688906,[0.22 ~ 0.899],0.474592,0.660606,X-GRADE_class4_val,4,val,10
312,Lasso,pKd pKi pIC50,kd,1.4741195340957216,3.529330826082318,1.0804742468252595,0.453148,[0.381 ~ 0.52],0.205343,0.469615,GRADE_class4_test,4,test,357
313,Lasso,pKd pKi pIC50,kd,1.5014558795688182,2.9916831874170215,0.6963319426122907,0.540257,[-0.017 ~ 0.841],0.291878,0.466667,GRADE_class4_val,4,val,10
314,Lasso,pKd pKi pIC50,kd,1.3976038106212396,4.288147886765819,1.7171930475765482,0.433381,[0.36 ~ 0.502],0.187819,0.589972,X-GRADE_class4_test,4,test,357
315,Lasso,pKd pKi pIC50,kd,1.47778412945142,2.9246590753528237,0.6794735266834537,0.580267,[0.041 ~ 0.858],0.33671,0.515152,X-GRADE_class4_val,4,val,10
316,ElasticNet,pKd pKi pIC50,kd,1.4709310016885557,3.5172919769432944,1.0645862394076229,0.454877,[0.383 ~ 0.521],0.206913,0.46901,GRADE_class4_test,4,test,357
317,ElasticNet,pKd pKi pIC50,kd,1.5016290911595749,2.992233334479164,0.700365230448232,0.538675,[-0.019 ~ 0.841],0.290171,0.466667,GRADE_class4_val,4,val,10
318,ElasticNet,pKd pKi pIC50,kd,110.60014199494884,2885674.471840755,1695.3786135044438,0.085909,[-0.001 ~ 0.172],0.00738,0.610513,X-GRADE_class4_test,4,test,357
319,ElasticNet,pKd pKi pIC50,kd,1.365332451674842,2.6192945232882865,0.6975223799195025,0.684414,[0.212 ~ 0.897],0.468422,0.672727,X-GRADE_class4_val,4,val,10
320,SVR,pKd pKi pIC50,kd,1.476582344525062,3.5173683783166454,1.1111564518331258,0.459142,[0.387 ~ 0.525],0.210812,0.472663,GRADE_class4_test,4,test,357
321,SVR,pKd pKi pIC50,kd,2.1638171081523137,5.73372055833619,1.4885841164571605,0.12087,[-0.462 ~ 0.631],0.014609,0.139394,GRADE_class4_val,4,val,10
322,SVR,pKd pKi pIC50,kd,1.3818622012545934,3.2387375962956555,1.1604412919888576,0.527684,[0.462 ~ 0.588],0.278451,0.554396,X-GRADE_class4_test,4,test,357
323,SVR,pKd pKi pIC50,kd,1.729396133868854,3.835633599807969,0.9155146981347825,0.503597,[-0.067 ~ 0.826],0.25361,0.430303,X-GRADE_class4_val,4,val,10
324,DecisionTree,pKd pKi pIC50,kd,1.73890756302521,5.27213025210084,1.8101628403943868,0.319343,[0.239 ~ 0.396],0.10198,0.352504,GRADE_class4_test,4,test,357
325,DecisionTree,pKd pKi pIC50,kd,2.9590000000000005,11.01043,2.8420416956828762,0.136207,[-0.45 ~ 0.64],0.018552,-0.036474,GRADE_class4_val,4,val,10
326,DecisionTree,pKd pKi pIC50,kd,1.715014005602241,5.028705882352942,1.8329166033615876,0.356945,[0.278 ~ 0.431],0.127409,0.354758,X-GRADE_class4_test,4,test,357
327,DecisionTree,pKd pKi pIC50,kd,2.2619999999999996,7.32156,0.9098373481012967,-0.601767,[-0.866 ~ -0.074],0.362124,-0.686933,X-GRADE_class4_val,4,val,10
328,RandomForest,pKd pKi pIC50,kd,1.343698599439776,3.094384000952381,1.1130194846419221,0.548767,[0.485 ~ 0.607],0.301145,0.578327,GRADE_class4_test,4,test,357
329,RandomForest,pKd pKi pIC50,kd,2.1195099999999996,5.592474703,0.9942612335297,-0.160938,[-0.655 ~ 0.43],0.025901,-0.175758,GRADE_class4_val,4,val,10
330,RandomForest,pKd pKi pIC50,kd,1.2860980392156864,2.9487465984873955,1.2229079774497225,0.576997,[0.516 ~ 0.632],0.332925,0.604937,X-GRADE_class4_test,4,test,357
331,RandomForest,pKd pKi pIC50,kd,1.5878,3.416325404000001,0.5402320856816989,0.451494,[-0.134 ~ 0.803],0.203847,0.478788,X-GRADE_class4_val,4,val,10
332,XGBoost,pKd pKi pIC50,kd,1.4999405119332279,3.8858785803009335,1.4071855545043945,0.425801,[0.352 ~ 0.495],0.181306,0.478204,GRADE_class4_test,4,test,357
333,XGBoost,pKd pKi pIC50,kd,1.7264644145965575,4.267328943936161,1.1633281707763672,0.226623,[-0.372 ~ 0.692],0.051358,0.248485,GRADE_class4_val,4,val,10
334,XGBoost,pKd pKi pIC50,kd,1.4273880262668728,3.723105175265563,1.2921838760375977,0.437258,[0.364 ~ 0.505],0.191195,0.475055,X-GRADE_class4_test,4,test,357
335,XGBoost,pKd pKi pIC50,kd,1.53066943359375,3.1842482809056314,1.3158231973648071,0.479264,[-0.099 ~ 0.816],0.229694,0.527273,X-GRADE_class4_val,4,val,10
336,linearRegression,pKd pKi pIC50,all,1.4903094096528433,3.6631537654211193,1.5270879246405231,0.41989,[0.322 ~ 0.509],0.176308,0.527696,GRADE_class5_test,5,test,211
337,linearRegression,pKd pKi pIC50,all,3.7518950955967343,497.7205843217814,21.984725222664675,-0.066617,[-0.179 ~ 0.047],0.004438,0.513536,X-GRADE_class5_test,5,test,211
338,Ridge,pKd pKi pIC50,all,1.4865122321502382,3.6407447528136894,1.5202780636308437,0.422397,[0.324 ~ 0.511],0.178419,0.529433,GRADE_class5_test,5,test,211
339,Ridge,pKd pKi pIC50,all,1.4312988111451828,3.723564141988831,1.7332054155702754,0.451536,[0.356 ~ 0.538],0.203885,0.556878,X-GRADE_class5_test,5,test,211
340,Lasso,pKd pKi pIC50,all,1.47528248277771,3.5732540905824157,1.4931277121930049,0.428689,[0.331 ~ 0.517],0.183775,0.533414,GRADE_class5_test,5,test,211
341,Lasso,pKd pKi pIC50,all,1.3728105281842409,3.2130629666059676,1.5301370803211287,0.492616,[0.402 ~ 0.574],0.242671,0.57312,X-GRADE_class5_test,5,test,211
342,ElasticNet,pKd pKi pIC50,all,1.4789447257130213,3.5957031244677693,1.5043161094947848,0.427043,[0.329 ~ 0.516],0.182365,0.532798,GRADE_class5_test,5,test,211
343,ElasticNet,pKd pKi pIC50,all,1.3513077368511788,3.0809862951348608,1.4746380120590625,0.509322,[0.42 ~ 0.589],0.259409,0.572961,X-GRADE_class5_test,5,test,211
344,SVR,pKd pKi pIC50,all,1.234477978314015,2.4094091039264787,1.197086893465934,0.632036,[0.559 ~ 0.696],0.399469,0.621204,GRADE_class5_test,5,test,211
345,SVR,pKd pKi pIC50,all,1.3155542266462632,2.718460627176551,1.2544756323224275,0.593399,[0.515 ~ 0.662],0.352122,0.573888,X-GRADE_class5_test,5,test,211
346,DecisionTree,pKd pKi pIC50,all,1.6990047393364929,4.8947767772511845,2.1094680059911672,0.414756,[0.316 ~ 0.505],0.172022,0.415299,GRADE_class5_test,5,test,211
347,DecisionTree,pKd pKi pIC50,all,1.6789573459715639,4.301603791469194,1.7746084477896076,0.391487,[0.291 ~ 0.484],0.153262,0.350911,X-GRADE_class5_test,5,test,211
348,RandomForest,pKd pKi pIC50,all,1.2063094786729858,2.361500372843602,1.2622558930044818,0.645988,[0.575 ~ 0.708],0.417301,0.627928,GRADE_class5_test,5,test,211
349,RandomForest,pKd pKi pIC50,all,1.1722047393364927,2.1528611227488152,1.1914746417368787,0.6758,[0.609 ~ 0.733],0.456706,0.640184,X-GRADE_class5_test,5,test,211
350,XGBoost,pKd pKi pIC50,all,1.3469117187210737,2.8870327226090566,1.484829068183899,0.564717,[0.482 ~ 0.637],0.318905,0.546916,GRADE_class5_test,5,test,211
351,XGBoost,pKd pKi pIC50,all,1.3277158945996614,2.7850071926628313,1.4147357940673828,0.565558,[0.483 ~ 0.638],0.319856,0.552612,X-GRADE_class5_test,5,test,211
352,linearRegression,pKd pKi pIC50,ki,1.643646626831302,4.945077372572218,1.8836222680693095,0.350965,[0.247 ~ 0.447],0.123176,0.516052,GRADE_class5_test,5,test,211
353,linearRegression,pKd pKi pIC50,ki,702.1219438299906,21358271.06700954,4592.528118425897,0.053063,[-0.061 ~ 0.166],0.002816,0.507877,X-GRADE_class5_test,5,test,211
354,Ridge,pKd pKi pIC50,ki,1.633619205353442,4.87195400499814,1.8629756662830474,0.356178,[0.253 ~ 0.451],0.126863,0.518581,GRADE_class5_test,5,test,211
355,Ridge,pKd pKi pIC50,ki,2.928536139630309,173.59060713841856,12.978826929564297,-0.004687,[-0.118 ~ 0.109],2.2e-05,0.533655,X-GRADE_class5_test,5,test,211
356,Lasso,pKd pKi pIC50,ki,1.617181308563611,4.750199173166174,1.8278854175065804,0.367698,[0.265 ~ 0.462],0.135202,0.526806,GRADE_class5_test,5,test,211
357,Lasso,pKd pKi pIC50,ki,2.76971716660865,130.7490912812104,11.232507521902875,0.001123,[-0.112 ~ 0.115],1e-06,0.52084,X-GRADE_class5_test,5,test,211
358,ElasticNet,pKd pKi pIC50,ki,1.6100980453443579,4.700558823888216,1.8126209926114327,0.370472,[0.268 ~ 0.464],0.13725,0.525757,GRADE_class5_test,5,test,211
359,ElasticNet,pKd pKi pIC50,ki,2.765277011127839,137.81329484579388,11.531373522013755,-0.000673,[-0.114 ~ 0.113],0.0,0.528024,X-GRADE_class5_test,5,test,211
360,SVR,pKd pKi pIC50,ki,1.2428597251051845,2.5835779185637766,1.2133799989730976,0.666244,[0.598 ~ 0.725],0.443881,0.648221,GRADE_class5_test,5,test,211
361,SVR,pKd pKi pIC50,ki,1.3885183102185517,3.0531114385406353,1.3469992005293077,0.606323,[0.529 ~ 0.674],0.367628,0.573039,X-GRADE_class5_test,5,test,211
362,DecisionTree,pKd pKi pIC50,ki,1.8121327014218007,5.2866938388625595,2.03258853538399,0.39844,[0.298 ~ 0.49],0.158755,0.396753,GRADE_class5_test,5,test,211
363,DecisionTree,pKd pKi pIC50,ki,1.7571090047393365,5.241818483412322,1.9427011240821217,0.388273,[0.287 ~ 0.481],0.150756,0.391742,X-GRADE_class5_test,5,test,211
364,RandomForest,pKd pKi pIC50,ki,1.3051559241706163,2.674860380521328,1.3146709506818595,0.653927,[0.584 ~ 0.714],0.427621,0.621269,GRADE_class5_test,5,test,211
365,RandomForest,pKd pKi pIC50,ki,1.262529857819905,2.486896451753554,1.2243864826442163,0.650999,[0.58 ~ 0.712],0.4238,0.603779,X-GRADE_class5_test,5,test,211
366,XGBoost,pKd pKi pIC50,ki,1.442927994524698,3.1774610823892773,1.5525360107421875,0.539449,[0.454 ~ 0.615],0.291005,0.524574,GRADE_class5_test,5,test,211
367,XGBoost,pKd pKi pIC50,ki,1.3454230305368864,2.778546075445142,1.4796439409255981,0.570808,[0.489 ~ 0.643],0.325822,0.544634,X-GRADE_class5_test,5,test,211
368,linearRegression,pKd pKi pIC50,kd,1.35231343327989,2.8988615971740908,1.2057941654966315,0.49406,[0.403 ~ 0.575],0.244095,0.549446,GRADE_class5_test,5,test,211
369,linearRegression,pKd pKi pIC50,kd,82956.3112229925,1230100707631.9214,1106278.5435618311,0.078599,[-0.035 ~ 0.19],0.006178,0.507798,X-GRADE_class5_test,5,test,211
370,Ridge,pKd pKi pIC50,kd,1.3476073411291576,2.881644090940709,1.199643449564453,0.497281,[0.407 ~ 0.578],0.247289,0.550682,GRADE_class5_test,5,test,211
371,Ridge,pKd pKi pIC50,kd,1.427998958866215,3.678462145913179,1.6554538866195025,0.437595,[0.341 ~ 0.525],0.19149,0.547183,X-GRADE_class5_test,5,test,211
372,Lasso,pKd pKi pIC50,kd,1.322957758590588,2.795027430847201,1.1556783226818201,0.51335,[0.425 ~ 0.592],0.263529,0.558487,GRADE_class5_test,5,test,211
373,Lasso,pKd pKi pIC50,kd,1.3644472859672656,3.1638894656479915,1.499587978301122,0.486135,[0.394 ~ 0.568],0.236327,0.576557,X-GRADE_class5_test,5,test,211
374,ElasticNet,pKd pKi pIC50,kd,1.3301271261052077,2.818111273188147,1.1701706920125272,0.509105,[0.42 ~ 0.589],0.259188,0.555891,GRADE_class5_test,5,test,211
375,ElasticNet,pKd pKi pIC50,kd,1.302561400301268,2.850746625871905,1.3440469432319302,0.517753,[0.429 ~ 0.596],0.268068,0.597617,X-GRADE_class5_test,5,test,211
376,SVR,pKd pKi pIC50,kd,1.2732359738358379,2.549952103315255,1.1084532807756116,0.579846,[0.499 ~ 0.651],0.336221,0.573623,GRADE_class5_test,5,test,211
377,SVR,pKd pKi pIC50,kd,1.2936320391417346,2.659454348819318,1.0489784964690696,0.559124,[0.476 ~ 0.633],0.312619,0.52316,X-GRADE_class5_test,5,test,211
378,DecisionTree,pKd pKi pIC50,kd,1.8067772511848341,4.987608056872038,1.7599910767113414,0.270774,[0.162 ~ 0.373],0.073319,0.259216,GRADE_class5_test,5,test,211
379,DecisionTree,pKd pKi pIC50,kd,1.6744075829383889,4.159159241706162,1.7886044222508128,0.403919,[0.304 ~ 0.495],0.163151,0.399297,X-GRADE_class5_test,5,test,211
380,RandomForest,pKd pKi pIC50,kd,1.1995260663507106,2.364993216113744,1.1388761314782172,0.623098,[0.548 ~ 0.688],0.388251,0.621952,GRADE_class5_test,5,test,211
381,RandomForest,pKd pKi pIC50,kd,1.2159834123222746,2.38190888914692,1.111263260599067,0.610357,[0.534 ~ 0.677],0.372536,0.587069,X-GRADE_class5_test,5,test,211
382,XGBoost,pKd pKi pIC50,kd,1.3165897353565523,2.841570238637627,1.3605358600616455,0.542265,[0.457 ~ 0.618],0.294051,0.532871,GRADE_class5_test,5,test,211
383,XGBoost,pKd pKi pIC50,kd,1.2303098307062665,2.5329171903634284,1.3346126079559326,0.579148,[0.498 ~ 0.65],0.335412,0.559632,X-GRADE_class5_test,5,test,211
384,linearRegression,pKd pKi pIC50,all,1.3246287663928582,2.8258885811297674,1.2482608165953941,0.45856,[0.384 ~ 0.527],0.210277,0.493461,GRADE_class6_test,6,test,332
385,linearRegression,pKd pKi pIC50,all,1.5203050379858363,2.496231800079906,1.0354570083694403,0.977769,[0.794 ~ 0.998],0.956033,1.0,GRADE_class6_val,6,val,5
386,linearRegression,pKd pKi pIC50,all,2490305.8813189254,1938295597246990.8,43963847.08572917,-0.102751,[-0.191 ~ -0.012],0.010558,0.481553,X-GRADE_class6_test,6,test,332
387,linearRegression,pKd pKi pIC50,all,1.6570973806884353,3.2856213478001166,0.904514337143672,0.876099,[0.193 ~ 0.987],0.767549,0.9,X-GRADE_class6_val,6,val,5
388,Ridge,pKd pKi pIC50,all,1.3222052016000665,2.8166135501517755,1.243638070610169,0.460019,[0.386 ~ 0.528],0.211618,0.49514,GRADE_class6_test,6,test,332
389,Ridge,pKd pKi pIC50,all,1.5296998622316347,2.528031520283197,1.0314481598952703,0.977564,[0.792 ~ 0.998],0.955632,1.0,GRADE_class6_val,6,val,5
390,Ridge,pKd pKi pIC50,all,2400733.430364524,1913485874172475.0,43677481.40503541,0.101669,[0.011 ~ 0.19],0.010337,0.508532,X-GRADE_class6_test,6,test,332
391,Ridge,pKd pKi pIC50,all,1.7318499768036877,3.5834804131081506,0.8969316216591536,0.860062,[0.13 ~ 0.985],0.739706,0.9,X-GRADE_class6_val,6,val,5
392,Lasso,pKd pKi pIC50,all,1.3164641374419073,2.7933537672604527,1.225302400458613,0.462628,[0.388 ~ 0.531],0.214024,0.4991,GRADE_class6_test,6,test,332
393,Lasso,pKd pKi pIC50,all,1.5918495509995771,2.734974917376659,1.021366576192533,0.975313,[0.773 ~ 0.998],0.951235,1.0,GRADE_class6_val,6,val,5
394,Lasso,pKd pKi pIC50,all,3412020.7943538204,3865102016402102.5,62076244.8088054,0.101669,[0.011 ~ 0.19],0.010337,0.50801,X-GRADE_class6_test,6,test,332
395,Lasso,pKd pKi pIC50,all,1.9757042124093338,4.516356293747565,0.8752461372085055,0.853624,[0.106 ~ 0.985],0.728674,0.7,X-GRADE_class6_val,6,val,5
396,ElasticNet,pKd pKi pIC50,all,1.3199585858004015,2.8076381520533253,1.2376954649820187,0.461193,[0.387 ~ 0.53],0.212699,0.496435,GRADE_class6_test,6,test,332
397,ElasticNet,pKd pKi pIC50,all,1.5469165514476972,2.584955302009324,1.0276455979486687,0.977038,[0.787 ~ 0.998],0.954603,1.0,GRADE_class6_val,6,val,5
398,ElasticNet,pKd pKi pIC50,all,2471788.961243533,2028431184825085.8,44970228.72474244,0.101669,[0.011 ~ 0.19],0.010337,0.536956,X-GRADE_class6_test,6,test,332
399,ElasticNet,pKd pKi pIC50,all,2.0971573181216856,4.99595728219228,0.8997425287925763,0.853896,[0.107 ~ 0.985],0.729138,0.7,X-GRADE_class6_val,6,val,5
400,SVR,pKd pKi pIC50,all,1.3255658539373907,2.7436632937797234,0.910899405967584,0.427793,[0.351 ~ 0.499],0.183006,0.421401,GRADE_class6_test,6,test,332
401,SVR,pKd pKi pIC50,all,1.4587535462092858,2.691745897073262,1.0908683906151897,0.841622,[0.064 ~ 0.983],0.708327,0.7,GRADE_class6_val,6,val,5
402,SVR,pKd pKi pIC50,all,1.2508205211177756,2.575759758975061,0.9142998796564595,0.48659,[0.414 ~ 0.553],0.236769,0.498684,X-GRADE_class6_test,6,test,332
403,SVR,pKd pKi pIC50,all,1.9346761354571889,4.586245581432893,1.1364416686723011,0.751274,[-0.185 ~ 0.973],0.564413,0.7,X-GRADE_class6_val,6,val,5
404,DecisionTree,pKd pKi pIC50,all,1.477801204819277,3.709252108433735,1.710679169746003,0.410246,[0.332 ~ 0.483],0.168302,0.396471,GRADE_class6_test,6,test,332
405,DecisionTree,pKd pKi pIC50,all,1.5420000000000003,5.226380000000001,1.6707603059685134,0.225361,[-0.732 ~ 0.884],0.050788,0.0,GRADE_class6_val,6,val,5
406,DecisionTree,pKd pKi pIC50,all,1.6032831325301204,4.241745481927711,1.7939655505539254,0.370287,[0.29 ~ 0.446],0.137112,0.374456,X-GRADE_class6_test,6,test,332
407,DecisionTree,pKd pKi pIC50,all,1.7540000000000002,4.610140000000001,1.4552195710613571,0.620428,[-0.411 ~ 0.955],0.384931,0.564288,X-GRADE_class6_val,6,val,5
408,RandomForest,pKd pKi pIC50,all,1.1596840361445784,2.3600378425000006,0.9899910052403492,0.56205,[0.497 ~ 0.621],0.315901,0.557304,GRADE_class6_test,6,test,332
409,RandomForest,pKd pKi pIC50,all,1.5298599999999998,3.7568732900000024,0.9257969920020259,0.528933,[-0.519 ~ 0.942],0.27977,0.7,GRADE_class6_val,6,val,5
410,RandomForest,pKd pKi pIC50,all,1.181660843373494,2.4764740191566266,0.98924122942477,0.522341,[0.453 ~ 0.585],0.27284,0.533037,X-GRADE_class6_test,6,test,332
411,RandomForest,pKd pKi pIC50,all,1.5782599999999996,4.12863549,0.9742583632692106,0.414477,[-0.618 ~ 0.922],0.171791,0.7,X-GRADE_class6_val,6,val,5
412,XGBoost,pKd pKi pIC50,all,1.3040376142421402,2.7626439764267605,1.1403648853302002,0.444879,[0.369 ~ 0.515],0.197917,0.415876,GRADE_class6_test,6,test,332
413,XGBoost,pKd pKi pIC50,all,0.9997746543884276,1.5517254404185017,0.9032822251319885,0.857614,[0.121 ~ 0.985],0.735502,0.7,GRADE_class6_val,6,val,5
414,XGBoost,pKd pKi pIC50,all,1.320859601468925,2.9226891192697684,1.2266508340835571,0.42449,[0.347 ~ 0.496],0.180192,0.41061,X-GRADE_class6_test,6,test,332
415,XGBoost,pKd pKi pIC50,all,1.621657943725586,3.0299619300191445,1.1285804510116577,0.892684,[0.265 ~ 0.989],0.796884,0.9,X-GRADE_class6_val,6,val,5
416,linearRegression,pKd pKi pIC50,ki,1.422689471245776,3.3839378886805545,1.484892955270765,0.447066,[0.372 ~ 0.517],0.199868,0.4787,GRADE_class6_test,6,test,332
417,linearRegression,pKd pKi pIC50,ki,2.0068095176414458,4.151946458792514,1.14879030787925,0.97813,[0.797 ~ 0.998],0.956738,1.0,GRADE_class6_val,6,val,5
418,linearRegression,pKd pKi pIC50,ki,2.0245619951170134e+32,1.3608186222518246e+67,3.6833677130856907e+33,0.101669,[0.011 ~ 0.19],0.010336,0.5293,X-GRADE_class6_test,6,test,332
419,linearRegression,pKd pKi pIC50,ki,2.0613578655100016,4.655252941695858,1.0016914913084891,0.906129,[0.33 ~ 0.99],0.82107,0.9,X-GRADE_class6_val,6,val,5
420,Ridge,pKd pKi pIC50,ki,1.4141718496719198,3.3467558789142147,1.467115722539965,0.452196,[0.377 ~ 0.521],0.204482,0.4835,GRADE_class6_test,6,test,332
421,Ridge,pKd pKi pIC50,ki,2.0240786393694132,4.228921448950118,1.1390439383205953,0.977088,[0.788 ~ 0.998],0.954701,1.0,GRADE_class6_val,6,val,5
422,Ridge,pKd pKi pIC50,ki,3.911742456045877e+17,5.080174041917832e+37,7.116791631680248e+18,-0.101669,[-0.19 ~ -0.011],0.010336,0.512986,X-GRADE_class6_test,6,test,332
423,Ridge,pKd pKi pIC50,ki,2.130809259613975,5.057349871129212,0.9900543467366506,0.867824,[0.16 ~ 0.986],0.753119,0.7,X-GRADE_class6_val,6,val,5
424,Lasso,pKd pKi pIC50,ki,1.395804104940323,3.262500332026831,1.4152333165941942,0.465672,[0.392 ~ 0.534],0.21685,0.49456,GRADE_class6_test,6,test,332
425,Lasso,pKd pKi pIC50,ki,2.1007804730790554,4.562510303089153,1.126390272831199,0.973348,[0.757 ~ 0.997],0.947407,1.0,GRADE_class6_val,6,val,5
426,Lasso,pKd pKi pIC50,ki,21843000.906447507,1.1190208208097138e+17,333803785.7020407,0.005181,[-0.085 ~ 0.096],2.7e-05,0.485276,X-GRADE_class6_test,6,test,332
427,Lasso,pKd pKi pIC50,ki,2.272801520117296,5.6123952094167695,0.9893205600390212,0.893592,[0.27 ~ 0.989],0.798506,0.9,X-GRADE_class6_val,6,val,5
428,ElasticNet,pKd pKi pIC50,ki,1.395106783876247,3.262311824878571,1.4206024530047818,0.465254,[0.391 ~ 0.533],0.216461,0.493519,GRADE_class6_test,6,test,332
429,ElasticNet,pKd pKi pIC50,ki,2.0748446722185854,4.451834550066164,1.1252987090081747,0.974266,[0.765 ~ 0.997],0.949195,1.0,GRADE_class6_val,6,val,5
430,ElasticNet,pKd pKi pIC50,ki,2.136926221598539e+17,1.516062620533193e+37,3.887796505549946e+18,-0.101669,[-0.19 ~ -0.011],0.010336,0.50556,X-GRADE_class6_test,6,test,332
431,ElasticNet,pKd pKi pIC50,ki,2.2053230974884093,5.3402352634012455,0.9935162731055335,0.881926,[0.218 ~ 0.988],0.777793,0.9,X-GRADE_class6_val,6,val,5
432,SVR,pKd pKi pIC50,ki,1.3612122448014043,2.98466910907985,1.0140556261456988,0.502436,[0.432 ~ 0.567],0.252442,0.511682,GRADE_class6_test,6,test,332
433,SVR,pKd pKi pIC50,ki,1.8043544701512377,4.236911336184819,1.1430535458642845,0.708083,[-0.273 ~ 0.967],0.501382,0.7,GRADE_class6_val,6,val,5
434,SVR,pKd pKi pIC50,ki,1.3223644455446906,2.840227741660289,1.0466805682830378,0.533115,[0.465 ~ 0.595],0.284211,0.545337,X-GRADE_class6_test,6,test,332
435,SVR,pKd pKi pIC50,ki,2.309792875497969,6.126712345338949,1.2019018692537535,0.771926,[-0.137 ~ 0.975],0.59587,0.7,X-GRADE_class6_val,6,val,5
436,DecisionTree,pKd pKi pIC50,ki,1.8662349397590359,5.253371385542168,1.996688459978873,0.35939,[0.278 ~ 0.436],0.129161,0.331952,GRADE_class6_test,6,test,332
437,DecisionTree,pKd pKi pIC50,ki,1.24,2.632040000000001,1.2903549899155657,0.611614,[-0.423 ~ 0.954],0.374072,0.666886,GRADE_class6_val,6,val,5
438,DecisionTree,pKd pKi pIC50,ki,1.7399698795180722,4.7964099397590365,1.6346593326107408,0.268246,[0.182 ~ 0.35],0.071956,0.294721,X-GRADE_class6_test,6,test,332
439,DecisionTree,pKd pKi pIC50,ki,2.2840000000000003,6.288040000000001,1.1027674278831419,-0.399766,[-0.92 ~ 0.629],0.159813,-0.632456,X-GRADE_class6_val,6,val,5
440,RandomForest,pKd pKi pIC50,ki,1.3471539156626509,2.9632422869578323,1.0368053030582383,0.518221,[0.449 ~ 0.581],0.268553,0.509062,GRADE_class6_test,6,test,332
441,RandomForest,pKd pKi pIC50,ki,1.884280000000001,4.764828068,0.9573123573839416,0.610208,[-0.425 ~ 0.954],0.372353,0.6,GRADE_class6_val,6,val,5
442,RandomForest,pKd pKi pIC50,ki,1.2707054216867468,2.806416398855422,1.0189412193401481,0.495494,[0.424 ~ 0.561],0.245514,0.493605,X-GRADE_class6_test,6,test,332
443,RandomForest,pKd pKi pIC50,ki,1.9386600000000012,5.795564198000007,0.8974584126298005,0.274871,[-0.707 ~ 0.895],0.075554,0.7,X-GRADE_class6_val,6,val,5
444,XGBoost,pKd pKi pIC50,ki,1.4088399072727524,3.2032356415371925,1.2630192041397095,0.412827,[0.335 ~ 0.485],0.170426,0.419162,GRADE_class6_test,6,test,332
445,XGBoost,pKd pKi pIC50,ki,2.1893656730651854,5.131109550273724,1.3715190887451172,0.911036,[0.354 ~ 0.991],0.829987,0.9,GRADE_class6_val,6,val,5
446,XGBoost,pKd pKi pIC50,ki,1.3488645946261395,3.112052815859815,1.2581292390823364,0.412792,[0.335 ~ 0.485],0.170397,0.42197,X-GRADE_class6_test,6,test,332
447,XGBoost,pKd pKi pIC50,ki,2.4174662590026856,6.6136029437802195,0.8454210758209229,0.794901,[-0.078 ~ 0.978],0.631868,0.9,X-GRADE_class6_val,6,val,5
448,linearRegression,pKd pKi pIC50,kd,1.2998509591883713,2.6378801207559293,0.9961398534302958,0.458552,[0.384 ~ 0.527],0.21027,0.492457,GRADE_class6_test,6,test,332
449,linearRegression,pKd pKi pIC50,kd,1.2980541714555485,1.9670336211848394,0.9032539208727363,0.979455,[0.808 ~ 0.998],0.959332,1.0,GRADE_class6_val,6,val,5
450,linearRegression,pKd pKi pIC50,kd,6418825729985.247,1.3504563389215542e+28,116031728702350.7,0.101433,[0.011 ~ 0.19],0.010289,0.456404,X-GRADE_class6_test,6,test,332
451,linearRegression,pKd pKi pIC50,kd,1.4764492117631778,2.780812056621362,0.928959852567276,0.846649,[0.081 ~ 0.984],0.716814,0.8,X-GRADE_class6_val,6,val,5
452,Ridge,pKd pKi pIC50,kd,1.2980169846174592,2.631406755382927,0.9921801963845049,0.459955,[0.386 ~ 0.528],0.211559,0.495124,GRADE_class6_test,6,test,332
453,Ridge,pKd pKi pIC50,kd,1.3126081247563632,2.010711782056756,0.8969305870191779,0.979484,[0.808 ~ 0.998],0.959389,1.0,GRADE_class6_val,6,val,5
454,Ridge,pKd pKi pIC50,kd,16781954.299602013,9.350195539926317e+16,305320036.45023465,0.101669,[0.011 ~ 0.19],0.010337,0.446767,X-GRADE_class6_test,6,test,332
455,Ridge,pKd pKi pIC50,kd,1.5782839608519104,3.1286468982900577,0.892373677416673,0.839491,[0.056 ~ 0.983],0.704744,0.9,X-GRADE_class6_val,6,val,5
456,Lasso,pKd pKi pIC50,kd,1.2910920865753264,2.6064698165215665,0.9647423988943158,0.464702,[0.391 ~ 0.533],0.215948,0.50512,GRADE_class6_test,6,test,332
457,Lasso,pKd pKi pIC50,kd,1.396971074519182,2.2650560346392568,0.8722522477788549,0.978437,[0.799 ~ 0.998],0.957339,1.0,GRADE_class6_val,6,val,5
458,Lasso,pKd pKi pIC50,kd,4829250.320599273,7742665568102307.0,87859801.28261812,0.101669,[0.011 ~ 0.19],0.010337,0.475194,X-GRADE_class6_test,6,test,332
459,Lasso,pKd pKi pIC50,kd,2.0479974876909344,4.954217247761447,0.7707734371953707,0.819793,[-0.007 ~ 0.981],0.67206,0.7,X-GRADE_class6_val,6,val,5
460,ElasticNet,pKd pKi pIC50,kd,1.2913070563001992,2.607921448471058,0.9710327690146368,0.464735,[0.391 ~ 0.533],0.215978,0.505184,GRADE_class6_test,6,test,332
461,ElasticNet,pKd pKi pIC50,kd,1.4031442182584457,2.287533790034519,0.8680221333940373,0.977979,[0.795 ~ 0.998],0.956442,1.0,GRADE_class6_val,6,val,5
462,ElasticNet,pKd pKi pIC50,kd,5462419.056613954,9906088162573300.0,99379328.7127526,0.101669,[0.011 ~ 0.19],0.010337,0.476235,X-GRADE_class6_test,6,test,332
463,ElasticNet,pKd pKi pIC50,kd,1.847127471900998,4.145209038676051,0.8028608958070115,0.821727,[-0.001 ~ 0.981],0.675235,0.9,X-GRADE_class6_val,6,val,5
464,SVR,pKd pKi pIC50,kd,1.3163507713046458,2.7603935532406343,0.7921649692914755,0.409151,[0.331 ~ 0.482],0.167405,0.406526,GRADE_class6_test,6,test,332
465,SVR,pKd pKi pIC50,kd,1.466588284084849,2.612989289144226,1.0113031987404835,0.884402,[0.228 ~ 0.988],0.782166,0.9,GRADE_class6_val,6,val,5
466,SVR,pKd pKi pIC50,kd,1.2933549590723505,2.670171800119611,0.7761764748666993,0.438601,[0.363 ~ 0.509],0.192371,0.432011,X-GRADE_class6_test,6,test,332
467,SVR,pKd pKi pIC50,kd,1.7869772074946837,4.003053677634237,0.983484358481816,0.761283,[-0.162 ~ 0.974],0.579551,0.7,X-GRADE_class6_val,6,val,5
468,DecisionTree,pKd pKi pIC50,kd,1.6440060240963856,4.705825,1.7531048251025776,0.263866,[0.178 ~ 0.346],0.069625,0.255678,GRADE_class6_test,6,test,332
469,DecisionTree,pKd pKi pIC50,kd,0.794,0.8756599999999999,1.072611765738191,0.740801,[-0.208 ~ 0.971],0.548786,0.6,GRADE_class6_val,6,val,5
470,DecisionTree,pKd pKi pIC50,kd,1.641144578313253,4.332622891566265,1.822820578442035,0.3529,[0.271 ~ 0.43],0.124538,0.361653,X-GRADE_class6_test,6,test,332
471,DecisionTree,pKd pKi pIC50,kd,1.404,2.8852400000000005,1.853047220121495,0.864727,[0.148 ~ 0.986],0.747753,0.6,X-GRADE_class6_val,6,val,5
472,RandomForest,pKd pKi pIC50,kd,1.211646686746988,2.426086055331326,0.8492427260491578,0.518808,[0.449 ~ 0.582],0.269162,0.512491,GRADE_class6_test,6,test,332
473,RandomForest,pKd pKi pIC50,kd,1.4074200000000008,2.4502174300000017,1.0429628821775012,0.877568,[0.199 ~ 0.987],0.770126,0.9,GRADE_class6_val,6,val,5
474,RandomForest,pKd pKi pIC50,kd,1.181680421686747,2.3435783069578315,0.913836881308131,0.540804,[0.474 ~ 0.602],0.292469,0.529266,X-GRADE_class6_test,6,test,332
475,RandomForest,pKd pKi pIC50,kd,1.37668,2.848486680000003,0.9172182170018215,0.710132,[-0.269 ~ 0.967],0.504288,0.7,X-GRADE_class6_val,6,val,5
476,XGBoost,pKd pKi pIC50,kd,1.3603133359587336,3.062379032573726,1.2279576063156128,0.396539,[0.317 ~ 0.47],0.157244,0.351597,GRADE_class6_test,6,test,332
477,XGBoost,pKd pKi pIC50,kd,1.0839637546539307,1.7190103656815485,0.9333391189575195,0.579855,[-0.463 ~ 0.949],0.336232,0.8,GRADE_class6_val,6,val,5
478,XGBoost,pKd pKi pIC50,kd,1.3253161868273493,2.9247394857609943,1.2115752696990967,0.432895,[0.356 ~ 0.504],0.187398,0.420881,X-GRADE_class6_test,6,test,332
479,XGBoost,pKd pKi pIC50,kd,1.5213902740478518,3.0474636370425214,1.3656609058380127,0.443076,[-0.596 ~ 0.927],0.196317,0.5,X-GRADE_class6_val,6,val,5
