,Modeltype,Scoretype,Datatype,Mean absolute error (mae),Mean squared error (mse),Standard Diviation (SD),Pearson correlation coefficient (r),90% Confidence interval,Coefficient of determination (rÂ²),Spearman correlation coefficient,add. information,System
0,linearRegression,delta G,all,0.6608347830711754,0.8437245580999618,0.3492581489918859,0.545673,[0.116 ~ 0.803],0.297759,0.532454,GRADE,004-AR
1,linearRegression,delta G,all,40677100.123656385,2.3164769275388544e+16,146663366.19920495,0.041661,[-0.425 ~ 0.491],0.001736,0.030803,X-GRADE,004-AR
2,Ridge,delta G,all,0.6589036092969539,0.8408093788543499,0.3508799686031473,0.548492,[0.12 ~ 0.805],0.300843,0.541254,GRADE,004-AR
3,Ridge,delta G,all,1.177998928144181,1.7626967633788797,0.5546258979291989,0.362704,[-0.115 ~ 0.704],0.131554,0.061606,X-GRADE,004-AR
4,Lasso,delta G,all,0.6576117695712248,0.8205792869950786,0.3595120797423384,0.577812,[0.162 ~ 0.819],0.333867,0.627063,GRADE,004-AR
5,Lasso,delta G,all,0.9421132395745574,1.192164953269378,0.5644405769974454,0.531181,[0.096 ~ 0.796],0.282153,0.479648,X-GRADE,004-AR
6,ElasticNet,delta G,all,0.6572147607428513,0.8344407465212882,0.35369446445510805,0.556702,[0.131 ~ 0.809],0.309917,0.545655,GRADE,004-AR
7,ElasticNet,delta G,all,0.8871475548614498,1.1179583345683548,0.5670109079859265,0.533025,[0.098 ~ 0.797],0.284116,0.440044,X-GRADE,004-AR
8,SVR,delta G,all,0.5615647543118427,0.6538851202931502,0.8521600913492122,0.657006,[0.284 ~ 0.857],0.431657,0.49505,GRADE,004-AR
9,SVR,delta G,all,0.8958617478989215,1.1229263289388183,0.40281143770042616,0.514267,[0.072 ~ 0.787],0.26447,0.332233,X-GRADE,004-AR
10,DecisionTree,delta G,all,2.959285714285715,9.877235714285716,1.2455627365220288,-0.458909,[-0.758 ~ 0.0],0.210597,-0.26933,GRADE,004-AR
11,DecisionTree,delta G,all,1.4628571428571429,2.579828571428572,1.0052477103598265,0.221361,[-0.264 ~ 0.618],0.049001,0.211985,X-GRADE,004-AR
12,RandomForest,delta G,all,0.8169999999999996,1.201277574285714,0.4609072105475172,0.207184,[-0.278 ~ 0.608],0.042925,-0.035204,GRADE,004-AR
13,RandomForest,delta G,all,0.6091928571428579,0.6926203121428577,0.4134767642090861,0.691813,[0.341 ~ 0.873],0.478605,0.550055,X-GRADE,004-AR
14,XGBoost,delta G,all,1.4773389639173238,2.853620501625035,0.6163172125816345,-0.190701,[-0.597 ~ 0.294],0.036367,-0.178218,GRADE,004-AR
15,XGBoost,delta G,all,1.1017798968723844,1.8344683577511363,0.9262363314628601,0.125949,[-0.353 ~ 0.553],0.015863,-0.055006,X-GRADE,004-AR
16,linearRegression,delta G,ki,0.6722957425903802,1.2662162706779607,0.45989011621605935,0.223509,[-0.262 ~ 0.619],0.049956,0.336634,GRADE,004-AR
17,linearRegression,delta G,ki,15878093.75591019,3529593566415717.5,57249277.4234208,0.041661,[-0.425 ~ 0.491],0.001736,0.059406,X-GRADE,004-AR
18,Ridge,delta G,ki,0.6721246082613883,1.2601647531677462,0.4639825063406113,0.238691,[-0.247 ~ 0.629],0.056973,0.369637,GRADE,004-AR
19,Ridge,delta G,ki,1.0440035062843176,1.6426771381423744,0.8094496142514584,0.257422,[-0.228 ~ 0.641],0.066266,0.182618,X-GRADE,004-AR
20,Lasso,delta G,ki,0.6605804254197748,1.223138683103155,0.4705236691450135,0.255198,[-0.231 ~ 0.639],0.065126,0.431243,GRADE,004-AR
21,Lasso,delta G,ki,0.7451661362181695,1.106282305357551,0.7074565789975427,0.375478,[-0.101 ~ 0.712],0.140984,0.167217,X-GRADE,004-AR
22,ElasticNet,delta G,ki,0.6666874977530028,1.2335384249881882,0.47357848624563825,0.270056,[-0.216 ~ 0.649],0.07293,0.424643,GRADE,004-AR
23,ElasticNet,delta G,ki,0.809901087184153,1.1611837576103146,0.7777672984311267,0.380553,[-0.095 ~ 0.715],0.144821,0.20022,X-GRADE,004-AR
24,SVR,delta G,ki,0.7166840018987729,1.137364635715223,0.9952724071762039,0.625456,[0.234 ~ 0.843],0.391195,0.490649,GRADE,004-AR
25,SVR,delta G,ki,0.8972534884903681,1.2424806462488165,0.5881543060915959,0.171529,[-0.312 ~ 0.584],0.029422,0.270627,X-GRADE,004-AR
26,DecisionTree,delta G,ki,0.9242857142857144,2.0916714285714284,0.9289507467007704,-0.055206,[-0.501 ~ 0.414],0.003048,-0.106374,GRADE,004-AR
27,DecisionTree,delta G,ki,1.8807142857142858,4.015192857142858,1.0488623574606721,-0.167367,[-0.582 ~ 0.316],0.028012,-0.221166,X-GRADE,004-AR
28,RandomForest,delta G,ki,0.745785714285717,1.458284044285718,0.9079462450374213,0.411344,[-0.059 ~ 0.732],0.169204,-0.044004,GRADE,004-AR
29,RandomForest,delta G,ki,0.5344428571428577,0.7701613900000001,0.5409117665420812,0.574016,[0.156 ~ 0.818],0.329495,0.382839,X-GRADE,004-AR
30,XGBoost,delta G,ki,0.7893419878823418,1.1170564510963115,0.8953999876976013,0.482549,[0.03 ~ 0.771],0.232854,0.352035,GRADE,004-AR
31,XGBoost,delta G,ki,1.7575278404780799,3.91688159951759,1.217268943786621,-0.164965,[-0.58 ~ 0.318],0.027213,0.061606,X-GRADE,004-AR
32,linearRegression,delta G,kd,0.8721247172834199,1.0044652217320147,0.28054953494890394,0.661088,[0.29 ~ 0.859],0.437038,0.583059,GRADE,004-AR
33,linearRegression,delta G,kd,13501579457.42627,2.55209706928041e+21,48680637027.83772,-0.041661,[-0.491 ~ 0.425],0.001736,0.352035,X-GRADE,004-AR
34,Ridge,delta G,kd,0.8688133950955704,0.9985577667440746,0.28288425592406236,0.668114,[0.302 ~ 0.863],0.446377,0.583059,GRADE,004-AR
35,Ridge,delta G,kd,375.43080371988515,1959114.5594341445,1349.132982637031,0.041806,[-0.425 ~ 0.491],0.001748,0.356436,X-GRADE,004-AR
36,Lasso,delta G,kd,0.8589489109854048,0.9651070800135997,0.30267060837333837,0.725983,[0.4 ~ 0.889],0.527051,0.572058,GRADE,004-AR
37,Lasso,delta G,kd,1.0780625551702667,1.3900881850266713,0.4261768515467682,0.709248,[0.371 ~ 0.881],0.503032,0.545655,X-GRADE,004-AR
38,ElasticNet,delta G,kd,0.8572114209761664,0.9651888148999913,0.30047478068232225,0.718071,[0.387 ~ 0.885],0.515626,0.572058,GRADE,004-AR
39,ElasticNet,delta G,kd,16.290617223961938,3228.7296825432545,55.03001330297566,0.045987,[-0.422 ~ 0.494],0.002115,0.327833,X-GRADE,004-AR
40,SVR,delta G,kd,1.1809300034217258,1.7402031622340488,0.29859179204139696,0.54848,[0.12 ~ 0.805],0.300831,0.369637,GRADE,004-AR
41,SVR,delta G,kd,1.1200733398596512,1.590635097451721,0.31911414089416457,0.52877,[0.092 ~ 0.795],0.279598,0.431243,X-GRADE,004-AR
42,DecisionTree,delta G,kd,1.8299999999999998,6.109228571428573,1.8633819648528251,-0.083981,[-0.523 ~ 0.39],0.007053,-0.233343,GRADE,004-AR
43,DecisionTree,delta G,kd,1.2221428571428565,2.04487857142857,1.7250442171203635,0.694573,[0.346 ~ 0.875],0.482432,0.578713,X-GRADE,004-AR
44,RandomForest,delta G,kd,1.0358642857142872,1.3530450364285733,0.6175721718131069,0.363606,[-0.114 ~ 0.705],0.132209,0.277228,GRADE,004-AR
45,RandomForest,delta G,kd,0.7606357142857154,0.8418916050000008,0.5793046085081459,0.603218,[0.2 ~ 0.832],0.363872,0.49505,X-GRADE,004-AR
46,XGBoost,delta G,kd,1.4435074956076488,2.3881263537109882,0.7177979946136475,-0.257156,[-0.64 ~ 0.229],0.066129,-0.288229,GRADE,004-AR
47,XGBoost,delta G,kd,1.9923666340964186,4.912737343848116,0.44482770562171936,-0.020815,[-0.475 ~ 0.442],0.000433,0.061606,X-GRADE,004-AR
48,linearRegression,delta G,all,1.1984141675249416,2.017694229155465,0.5258851373622433,0.263567,[-0.041 ~ 0.523],0.069468,0.227401,GRADE,009-CDK2
49,linearRegression,delta G,all,1.1240095783444066,2.053507663688756,0.6071809836338727,0.40918,[0.123 ~ 0.632],0.167428,0.361582,X-GRADE,009-CDK2
50,Ridge,delta G,all,1.1979398655601092,2.0163631765768573,0.5247935438440546,0.264093,[-0.04 ~ 0.524],0.069745,0.230024,GRADE,009-CDK2
51,Ridge,delta G,all,1.12263002523253,2.010110825481839,0.5954302647753301,0.416127,[0.131 ~ 0.637],0.173161,0.38297,X-GRADE,009-CDK2
52,Lasso,delta G,all,1.1966407215123662,2.0194780977087388,0.5176431288533041,0.264533,[-0.04 ~ 0.524],0.069978,0.24314,GRADE,009-CDK2
53,Lasso,delta G,all,1.1444260362764778,2.0905693640501717,0.5603215502487935,0.389626,[0.1 ~ 0.618],0.151809,0.35795,X-GRADE,009-CDK2
54,ElasticNet,delta G,all,1.1975395974962608,2.016336756992216,0.5231662598807938,0.264389,[-0.04 ~ 0.524],0.069901,0.231235,GRADE,009-CDK2
55,ElasticNet,delta G,all,1.1288808128024417,2.087371088556696,0.5749041898003301,0.41696,[0.132 ~ 0.638],0.173856,0.381356,X-GRADE,009-CDK2
56,SVR,delta G,all,1.4565787721558385,3.6185590174624553,0.8387150770123891,0.49718,[0.23 ~ 0.694],0.247188,0.431396,GRADE,009-CDK2
57,SVR,delta G,all,1.2995833136460595,3.107112478203171,0.7568614411193016,0.465899,[0.192 ~ 0.673],0.217061,0.395884,X-GRADE,009-CDK2
58,DecisionTree,delta G,all,2.190806451612903,6.394461774193548,2.383440006441952,0.200775,[-0.107 ~ 0.473],0.040311,0.030125,GRADE,009-CDK2
59,DecisionTree,delta G,all,1.8353870967741932,4.915727580645161,2.2695793960017046,0.354223,[0.059 ~ 0.592],0.125474,0.346101,X-GRADE,009-CDK2
60,RandomForest,delta G,all,1.2587774193548384,2.5848414809677425,0.6474533833254754,0.219438,[-0.088 ~ 0.488],0.048153,0.125303,GRADE,009-CDK2
61,RandomForest,delta G,all,1.3839999999999997,2.8653902316129027,0.8042082042192873,0.180973,[-0.127 ~ 0.457],0.032751,0.058717,X-GRADE,009-CDK2
62,XGBoost,delta G,all,1.2035976267168598,2.778467201805785,1.1077451705932617,0.239931,[-0.066 ~ 0.505],0.057567,0.217716,GRADE,009-CDK2
63,XGBoost,delta G,all,1.1239345657594744,1.7539167581003705,0.690841019153595,0.467052,[0.193 ~ 0.674],0.218138,0.437853,X-GRADE,009-CDK2
64,linearRegression,delta G,ki,1.314767258179705,2.4165546964726867,0.5277838145821013,0.189037,[-0.119 ~ 0.464],0.035735,0.152341,GRADE,009-CDK2
65,linearRegression,delta G,ki,1.3012332411685539,2.436094209957187,0.5162810897094998,0.313361,[0.013 ~ 0.562],0.098195,0.309322,X-GRADE,009-CDK2
66,Ridge,delta G,ki,1.3133889366887888,2.412853774647582,0.5239390134204638,0.190428,[-0.118 ~ 0.465],0.036263,0.152341,GRADE,009-CDK2
67,Ridge,delta G,ki,1.2823089982925684,2.358312863853253,0.4941740120696772,0.341778,[0.045 ~ 0.583],0.116812,0.353309,X-GRADE,009-CDK2
68,Lasso,delta G,ki,1.308721893998471,2.3988095547468715,0.5141521141892286,0.188112,[-0.12 ~ 0.463],0.035386,0.144471,GRADE,009-CDK2
69,Lasso,delta G,ki,1.2809003703078798,2.580752875837431,0.5125807208603061,0.372763,[0.081 ~ 0.606],0.138952,0.387813,X-GRADE,009-CDK2
70,ElasticNet,delta G,ki,1.3102425449903665,2.404724615959156,0.515506083476341,0.191263,[-0.117 ~ 0.466],0.036582,0.146489,GRADE,009-CDK2
71,ElasticNet,delta G,ki,1.2538044989086565,2.507638047556112,0.5121770431895787,0.407298,[0.121 ~ 0.631],0.165891,0.408192,X-GRADE,009-CDK2
72,SVR,delta G,ki,1.7561294993820882,4.5290054411108,0.6653866306873922,0.497036,[0.23 ~ 0.694],0.247044,0.453592,GRADE,009-CDK2
73,SVR,delta G,ki,1.404701939151715,3.4651917967854735,0.6611793963858246,0.437877,[0.157 ~ 0.653],0.191736,0.347861,X-GRADE,009-CDK2
74,DecisionTree,delta G,ki,2.1209999999999996,7.108599193548388,1.5964071262679729,0.206657,[-0.101 ~ 0.478],0.042707,0.085023,GRADE,009-CDK2
75,DecisionTree,delta G,ki,2.0805483870967736,6.414754032258063,1.7031719810654378,-0.096308,[-0.386 ~ 0.211],0.009275,-0.155904,X-GRADE,009-CDK2
76,RandomForest,delta G,ki,1.4318387096774192,3.377932580645162,0.5978668055077085,0.064327,[-0.242 ~ 0.359],0.004138,0.072841,GRADE,009-CDK2
77,RandomForest,delta G,ki,1.5356806451612914,3.4865964190322605,0.5962393638996644,0.187635,[-0.12 ~ 0.463],0.035207,0.074052,X-GRADE,009-CDK2
78,XGBoost,delta G,ki,1.4496844511955016,3.3856881292175234,1.0796115398406982,0.194645,[-0.113 ~ 0.468],0.037887,0.164649,GRADE,009-CDK2
79,XGBoost,delta G,ki,1.1852152134064706,2.367587941472364,1.0000871419906616,0.567902,[0.322 ~ 0.742],0.322512,0.535311,X-GRADE,009-CDK2
80,linearRegression,delta G,kd,1.1564011771734843,1.8708107081685077,0.48984349883493217,0.323275,[0.024 ~ 0.569],0.104507,0.257668,GRADE,009-CDK2
81,linearRegression,delta G,kd,1.0436494636683615,1.9588786082001304,0.8163839816601561,0.433154,[0.152 ~ 0.65],0.187622,0.402341,X-GRADE,009-CDK2
82,Ridge,delta G,kd,1.155685098062914,1.8711816791865306,0.48854780843954204,0.323407,[0.025 ~ 0.569],0.104592,0.257668,GRADE,009-CDK2
83,Ridge,delta G,kd,1.0443446291100726,1.9646446527660175,0.8406156131864421,0.438295,[0.158 ~ 0.653],0.192103,0.42837,X-GRADE,009-CDK2
84,Lasso,delta G,kd,1.1526751922451048,1.8691385647826642,0.4831728724462601,0.323504,[0.025 ~ 0.569],0.104655,0.273406,GRADE,009-CDK2
85,Lasso,delta G,kd,1.061513912742448,1.8812284641110821,0.7097379994809472,0.40865,[0.123 ~ 0.632],0.166995,0.382365,X-GRADE,009-CDK2
86,ElasticNet,delta G,kd,1.1513123938874614,1.8711272935294356,0.48001373829286853,0.323547,[0.025 ~ 0.569],0.104683,0.283091,GRADE,009-CDK2
87,ElasticNet,delta G,kd,1.0529507678987868,1.905707061451452,0.7636438376666691,0.422338,[0.139 ~ 0.642],0.178369,0.381154,X-GRADE,009-CDK2
88,SVR,delta G,kd,1.1449467533508884,2.630721125516038,0.831598529424891,0.475421,[0.203 ~ 0.679],0.226025,0.432405,GRADE,009-CDK2
89,SVR,delta G,kd,1.2833333376131315,2.9372395085365195,0.7642058621159746,0.524826,[0.266 ~ 0.713],0.275443,0.493947,X-GRADE,009-CDK2
90,DecisionTree,delta G,kd,1.8746129032258065,4.324144999999999,1.1866627011434714,-0.238387,[-0.503 ~ 0.068],0.056828,-0.257961,GRADE,009-CDK2
91,DecisionTree,delta G,kd,1.5562258064516128,4.121346935483872,0.8998465587779024,0.213191,[-0.094 ~ 0.483],0.04545,0.185069,X-GRADE,009-CDK2
92,RandomForest,delta G,kd,1.382532258064516,2.594461829999999,0.4878964608222023,0.169582,[-0.139 ~ 0.448],0.028758,0.056901,GRADE,009-CDK2
93,RandomForest,delta G,kd,1.395777419354838,2.5656025919354795,0.4758873348420392,0.256546,[-0.048 ~ 0.518],0.065816,0.131558,X-GRADE,009-CDK2
94,XGBoost,delta G,kd,1.1808902879530385,2.243868696289781,0.8147493004798889,0.256554,[-0.048 ~ 0.518],0.06582,0.23063,GRADE,009-CDK2
95,XGBoost,delta G,kd,1.125883956293906,1.8566480782172234,0.7945157289505005,0.420511,[0.137 ~ 0.641],0.17683,0.372478,X-GRADE,009-CDK2
96,linearRegression,delta G,all,1.1932099356122798,2.788936972771601,0.7731857941439734,0.902855,[0.767 ~ 0.961],0.815148,0.789286,GRADE,008-Trypsin
97,linearRegression,delta G,all,1.1205643992545178,2.214346350405165,0.7866973854810366,0.789334,[0.533 ~ 0.913],0.623049,0.835714,X-GRADE,008-Trypsin
98,Ridge,delta G,all,1.1923590577996552,2.7890904263694,0.7719550907216525,0.902226,[0.765 ~ 0.961],0.814012,0.789286,GRADE,008-Trypsin
99,Ridge,delta G,all,1.1170569807297943,2.222335277165683,0.7625905914901535,0.804381,[0.562 ~ 0.919],0.647029,0.853571,X-GRADE,008-Trypsin
100,Lasso,delta G,all,1.189328187731068,2.7868353769261867,0.7567029541988577,0.900953,[0.763 ~ 0.96],0.811716,0.803571,GRADE,008-Trypsin
101,Lasso,delta G,all,1.1026626185610406,2.086647421655999,0.7397358146650289,0.835757,[0.624 ~ 0.933],0.69849,0.825,X-GRADE,008-Trypsin
102,ElasticNet,delta G,all,1.1912016073622205,2.7886026777643127,0.7681201238131165,0.901596,[0.764 ~ 0.961],0.812875,0.789286,GRADE,008-Trypsin
103,ElasticNet,delta G,all,1.0926345068872887,2.0778073829503705,0.7511252260472351,0.831526,[0.616 ~ 0.931],0.691435,0.810714,X-GRADE,008-Trypsin
104,SVR,delta G,all,0.9069886524796722,1.6666060793784365,1.3536426756544906,0.821571,[0.596 ~ 0.927],0.674979,0.821429,GRADE,008-Trypsin
105,SVR,delta G,all,0.8641046029880702,1.451919023876173,1.2067852189208583,0.831717,[0.616 ~ 0.931],0.691752,0.885714,X-GRADE,008-Trypsin
106,DecisionTree,delta G,all,1.7346666666666666,4.889333333333331,1.2997562164583871,0.104958,[-0.354 ~ 0.523],0.011016,0.154123,GRADE,008-Trypsin
107,DecisionTree,delta G,all,1.3686666666666667,3.8768199999999995,2.4183737419091274,0.612934,[0.234 ~ 0.83],0.375688,0.322004,X-GRADE,008-Trypsin
108,RandomForest,delta G,all,1.0209933333333336,1.7513023526666667,1.1330811541789731,0.76943,[0.496 ~ 0.904],0.592022,0.810714,GRADE,008-Trypsin
109,RandomForest,delta G,all,0.9267666666666659,1.4611346299999988,1.2818233786117161,0.80483,[0.563 ~ 0.92],0.647751,0.757143,X-GRADE,008-Trypsin
110,XGBoost,delta G,all,0.9723716506958008,1.2130129539849805,1.2876696586608887,0.837674,[0.628 ~ 0.934],0.701698,0.732143,GRADE,008-Trypsin
111,XGBoost,delta G,all,1.0986842524210614,1.5058067112978877,1.7083733081817627,0.782088,[0.52 ~ 0.91],0.611662,0.735714,X-GRADE,008-Trypsin
112,linearRegression,delta G,ki,1.2703789674218509,3.03568973499484,0.7450295021637066,0.861211,[0.677 ~ 0.944],0.741684,0.735714,GRADE,008-Trypsin
113,linearRegression,delta G,ki,1.3453969228416072,2.476351040955104,0.6409756578608798,0.703208,[0.379 ~ 0.874],0.494502,0.725,X-GRADE,008-Trypsin
114,Ridge,delta G,ki,1.2697079673008207,3.0327304475547456,0.7423891813779429,0.859598,[0.673 ~ 0.943],0.738908,0.735714,GRADE,008-Trypsin
115,Ridge,delta G,ki,1.2901231147321126,2.331731960451653,0.6598291541915376,0.754187,[0.468 ~ 0.897],0.568798,0.728571,X-GRADE,008-Trypsin
116,Lasso,delta G,ki,1.274416422008037,3.0283956144129633,0.7271076752333007,0.851837,[0.657 ~ 0.94],0.725626,0.753571,GRADE,008-Trypsin
117,Lasso,delta G,ki,1.2133309186335712,2.1165301315043235,0.7293035960733558,0.818673,[0.59 ~ 0.926],0.670225,0.696429,X-GRADE,008-Trypsin
118,ElasticNet,delta G,ki,1.2699094745585098,3.0297532818973005,0.7351660636593176,0.855898,[0.666 ~ 0.942],0.732562,0.757143,GRADE,008-Trypsin
119,ElasticNet,delta G,ki,1.1814657369567834,2.051299379412141,0.7220620198411607,0.837664,[0.628 ~ 0.934],0.701682,0.717857,X-GRADE,008-Trypsin
120,SVR,delta G,ki,1.162549004759864,3.164565594175882,1.4223663039004024,0.67849,[0.338 ~ 0.862],0.460349,0.803571,GRADE,008-Trypsin
121,SVR,delta G,ki,1.1865106975671496,2.5010972311974258,1.108838107312181,0.622948,[0.25 ~ 0.835],0.388064,0.396429,X-GRADE,008-Trypsin
122,DecisionTree,delta G,ki,1.4046666666666667,3.4015266666666664,2.5390141568902074,0.698927,[0.372 ~ 0.872],0.488499,0.615124,GRADE,008-Trypsin
123,DecisionTree,delta G,ki,1.7653333333333336,4.55924,1.5106575463096263,0.255876,[-0.21 ~ 0.627],0.065473,0.061264,X-GRADE,008-Trypsin
124,RandomForest,delta G,ki,1.2062733333333329,2.626550128666663,1.283395408472731,0.657049,[0.303 ~ 0.852],0.431713,0.592857,GRADE,008-Trypsin
125,RandomForest,delta G,ki,1.1381666666666659,2.18917209,1.3108385913689848,0.702646,[0.378 ~ 0.873],0.493711,0.667857,X-GRADE,008-Trypsin
126,XGBoost,delta G,ki,1.1362184003194173,2.422689980896683,1.5327454805374146,0.629019,[0.259 ~ 0.838],0.395665,0.685714,GRADE,008-Trypsin
127,XGBoost,delta G,ki,1.7616284205118815,4.235694897059607,1.9474738836288452,0.453526,[0.014 ~ 0.746],0.205686,0.282143,X-GRADE,008-Trypsin
128,linearRegression,delta G,kd,1.1244679491180858,2.213917330771998,0.7372244654692992,0.919856,[0.805 ~ 0.968],0.846135,0.8,GRADE,008-Trypsin
129,linearRegression,delta G,kd,1.0252654912302068,1.7879588966371753,1.1752639618353957,0.809036,[0.571 ~ 0.922],0.65454,0.821429,X-GRADE,008-Trypsin
130,Ridge,delta G,kd,1.1258182100743441,2.21742911942205,0.7347765050790995,0.919199,[0.804 ~ 0.968],0.844926,0.8,GRADE,008-Trypsin
131,Ridge,delta G,kd,1.0370854803113452,1.7844980211575858,1.002360107047933,0.78964,[0.534 ~ 0.913],0.623531,0.814286,X-GRADE,008-Trypsin
132,Lasso,delta G,kd,1.1315400616841453,2.2348214290607067,0.7167541921450513,0.918392,[0.802 ~ 0.968],0.843443,0.807143,GRADE,008-Trypsin
133,Lasso,delta G,kd,1.1170392964067162,1.994009245472729,0.800583257237027,0.797989,[0.55 ~ 0.917],0.636787,0.789286,X-GRADE,008-Trypsin
134,ElasticNet,delta G,kd,1.1329029820705576,2.236806727444327,0.7177752697736673,0.916555,[0.798 ~ 0.967],0.840072,0.792857,GRADE,008-Trypsin
135,ElasticNet,delta G,kd,1.0625905365417563,1.8735541655975223,0.8804387991938932,0.81116,[0.575 ~ 0.922],0.657981,0.792857,X-GRADE,008-Trypsin
136,SVR,delta G,kd,0.8676795793016151,1.0889073853438598,1.1921455105400072,0.886638,[0.731 ~ 0.955],0.786127,0.814286,GRADE,008-Trypsin
137,SVR,delta G,kd,0.9854542367434654,1.544240612217311,1.0991234988906746,0.81321,[0.579 ~ 0.923],0.661311,0.832143,X-GRADE,008-Trypsin
138,DecisionTree,delta G,kd,1.5706666666666667,4.8239600000000005,1.8379365241124805,0.336566,[-0.124 ~ 0.678],0.113277,0.16622,GRADE,008-Trypsin
139,DecisionTree,delta G,kd,1.0799999999999996,2.176373333333333,2.075755926564264,0.730321,[0.426 ~ 0.886],0.533369,0.655943,X-GRADE,008-Trypsin
140,RandomForest,delta G,kd,1.0779533333333333,1.6452266126666673,0.989130698385652,0.794329,[0.543 ~ 0.915],0.630959,0.728571,GRADE,008-Trypsin
141,RandomForest,delta G,kd,1.0200666666666676,1.3295394480000022,1.1939762699298309,0.830762,[0.614 ~ 0.931],0.690166,0.739286,X-GRADE,008-Trypsin
142,XGBoost,delta G,kd,1.0638342946370443,1.5241817632558248,1.5868549346923828,0.774698,[0.506 ~ 0.906],0.600157,0.610714,GRADE,008-Trypsin
143,XGBoost,delta G,kd,0.833764715830485,1.3350710536639736,2.038694143295288,0.840766,[0.635 ~ 0.935],0.706888,0.739286,X-GRADE,008-Trypsin
144,linearRegression,delta G,all,2.675472525034774,8.191613353772311,0.41959361489701746,0.309124,[-0.293 ~ 0.736],0.095558,0.175758,GRADE,001-CA2
145,linearRegression,delta G,all,3.249590420885231,11.831413890335728,0.48056831259489013,0.090851,[-0.486 ~ 0.612],0.008254,0.018182,X-GRADE,001-CA2
146,Ridge,delta G,all,2.6700494150940424,8.161107181471788,0.41834870780177663,0.310576,[-0.292 ~ 0.737],0.096457,0.175758,GRADE,001-CA2
147,Ridge,delta G,all,3.280343917003428,12.007817546736558,0.4632404793507612,0.10242,[-0.477 ~ 0.62],0.01049,0.018182,X-GRADE,001-CA2
148,Lasso,delta G,all,2.600537889976477,7.794981892893455,0.40873599193418336,0.308468,[-0.294 ~ 0.735],0.095152,0.175758,GRADE,001-CA2
149,Lasso,delta G,all,2.8262406593066194,9.139045189271496,0.3909710461539356,0.162214,[-0.428 ~ 0.656],0.026313,0.042424,X-GRADE,001-CA2
150,ElasticNet,delta G,all,2.645851399221655,8.030819113454195,0.4144614231189612,0.311694,[-0.291 ~ 0.737],0.097153,0.175758,GRADE,001-CA2
151,ElasticNet,delta G,all,2.739310243926198,8.639004629582086,0.3855518940763306,0.179131,[-0.414 ~ 0.666],0.032088,0.115152,X-GRADE,001-CA2
152,SVR,delta G,all,1.9140283640405293,4.790527290527043,0.6133574079986286,0.293076,[-0.309 ~ 0.728],0.085894,0.139394,GRADE,001-CA2
153,SVR,delta G,all,1.4268983232619523,2.693441188120411,0.45812496045870926,0.554451,[0.003 ~ 0.847],0.307416,0.478788,X-GRADE,001-CA2
154,DecisionTree,delta G,all,1.2990000000000002,2.9519900000000003,0.9389084087385737,0.194046,[-0.401 ~ 0.674],0.037654,-0.032325,GRADE,001-CA2
155,DecisionTree,delta G,all,2.627,8.88921,1.3452616845803644,0.231849,[-0.368 ~ 0.695],0.053754,0.214076,X-GRADE,001-CA2
156,RandomForest,delta G,all,0.78176,0.8522894219999987,0.762658313794584,0.547279,[-0.007 ~ 0.844],0.299514,0.612121,GRADE,001-CA2
157,RandomForest,delta G,all,2.4578799999999963,7.089338037999984,0.42147211485458974,0.293123,[-0.309 ~ 0.728],0.085921,0.369697,X-GRADE,001-CA2
158,XGBoost,delta G,all,1.418650503158569,2.51077800410381,0.7794100046157837,-0.024206,[-0.569 ~ 0.535],0.000586,-0.163636,GRADE,001-CA2
159,XGBoost,delta G,all,3.0853944587707516,10.826064776754821,0.8019985556602478,0.275442,[-0.327 ~ 0.718],0.075868,0.272727,X-GRADE,001-CA2
160,linearRegression,delta G,ki,2.3715843497789146,6.644925182304739,0.45285540280786873,0.329939,[-0.272 ~ 0.746],0.108859,0.187879,GRADE,001-CA2
161,linearRegression,delta G,ki,3.3477763742934967,12.377368756321873,0.4348387286756849,0.165152,[-0.426 ~ 0.657],0.027275,0.090909,X-GRADE,001-CA2
162,Ridge,delta G,ki,2.360460979458637,6.58907300509964,0.4499353933154592,0.332685,[-0.269 ~ 0.748],0.110679,0.187879,GRADE,001-CA2
163,Ridge,delta G,ki,3.316277681193417,12.158198985178462,0.40851962809510955,0.160922,[-0.43 ~ 0.655],0.025896,0.066667,X-GRADE,001-CA2
164,Lasso,delta G,ki,2.222978743505749,5.943076073407086,0.4324922963200805,0.346606,[-0.254 ~ 0.754],0.120135,0.187879,GRADE,001-CA2
165,Lasso,delta G,ki,2.7564501852041694,8.742634686128131,0.38793658185601,0.168843,[-0.423 ~ 0.66],0.028508,0.054545,X-GRADE,001-CA2
166,ElasticNet,delta G,ki,2.285907435424207,6.2316216690498925,0.43777208092526393,0.342197,[-0.259 ~ 0.752],0.117099,0.187879,GRADE,001-CA2
167,ElasticNet,delta G,ki,2.718643801791048,8.51423985341923,0.3820491457979219,0.19218,[-0.403 ~ 0.673],0.036933,0.042424,X-GRADE,001-CA2
168,SVR,delta G,ki,1.122127920061264,2.022935738483633,0.3837982994392689,0.162981,[-0.428 ~ 0.656],0.026563,-0.042424,GRADE,001-CA2
169,SVR,delta G,ki,1.3162178233299218,2.4294476622390855,0.4507703846105281,0.493432,[-0.081 ~ 0.822],0.243475,0.418182,X-GRADE,001-CA2
170,DecisionTree,delta G,ki,0.8869999999999999,1.8387500000000003,1.1485072920970072,0.326278,[-0.276 ~ 0.744],0.106457,0.231004,GRADE,001-CA2
171,DecisionTree,delta G,ki,2.067,5.9769700000000014,1.4724133251230782,0.509387,[-0.06 ~ 0.829],0.259475,0.519497,X-GRADE,001-CA2
172,RandomForest,delta G,ki,0.8719799999999992,0.9154656439999973,0.5650051628082706,0.449237,[-0.137 ~ 0.802],0.201814,0.478788,GRADE,001-CA2
173,RandomForest,delta G,ki,2.5057899999999984,7.170160056999994,0.3216503270634122,0.504992,[-0.066 ~ 0.827],0.255017,0.260606,X-GRADE,001-CA2
174,XGBoost,delta G,ki,1.110248775482178,1.7119372419829701,0.7325941324234009,0.079741,[-0.494 ~ 0.605],0.006359,0.175758,GRADE,001-CA2
175,XGBoost,delta G,ki,2.532223443984985,7.922628031454002,0.8239095211029053,0.172108,[-0.42 ~ 0.662],0.029621,0.018182,X-GRADE,001-CA2
176,linearRegression,delta G,kd,2.7886391040381135,8.734115178850015,0.39102482452728704,0.394994,[-0.201 ~ 0.778],0.15602,0.284848,GRADE,001-CA2
177,linearRegression,delta G,kd,2.7911001265569295,9.011615200436193,0.5017801850448107,0.153494,[-0.436 ~ 0.651],0.02356,0.163636,X-GRADE,001-CA2
178,Ridge,delta G,kd,2.777679854188045,8.67167456342048,0.3891753718287314,0.396865,[-0.199 ~ 0.779],0.157502,0.284848,GRADE,001-CA2
179,Ridge,delta G,kd,2.603957773734369,7.946793398380646,0.4496324516416305,0.177107,[-0.416 ~ 0.664],0.031367,0.127273,X-GRADE,001-CA2
180,Lasso,delta G,kd,2.6498087149686023,7.982574465944696,0.37610147177098435,0.392026,[-0.205 ~ 0.776],0.153684,0.284848,GRADE,001-CA2
181,Lasso,delta G,kd,2.4538595321250365,7.064763107136311,0.3582711612795307,0.286564,[-0.316 ~ 0.724],0.082119,0.139394,X-GRADE,001-CA2
182,ElasticNet,delta G,kd,2.7100530750568144,8.301125587352217,0.380890904236852,0.39693,[-0.199 ~ 0.779],0.157554,0.284848,GRADE,001-CA2
183,ElasticNet,delta G,kd,2.3368435448874947,6.498978528057814,0.3666286641942837,0.294447,[-0.308 ~ 0.728],0.086699,0.139394,X-GRADE,001-CA2
184,SVR,delta G,kd,1.5319038869259505,3.1732799779523435,0.6271086080820333,0.381124,[-0.217 ~ 0.771],0.145255,0.127273,GRADE,001-CA2
185,SVR,delta G,kd,1.1971139203905472,1.949607648786852,0.37282772129244346,0.537962,[-0.02 ~ 0.841],0.289403,0.587879,X-GRADE,001-CA2
186,DecisionTree,delta G,kd,2.162,6.261679999999998,1.934917052485713,-0.179058,[-0.666 ~ 0.414],0.032062,-0.115856,GRADE,001-CA2
187,DecisionTree,delta G,kd,3.158,13.742039999999998,1.8122196334881708,-0.161131,[-0.655 ~ 0.429],0.025963,-0.281387,X-GRADE,001-CA2
188,RandomForest,delta G,kd,1.2761600000000004,2.5171002960000006,1.100714407101136,0.295414,[-0.307 ~ 0.729],0.08727,0.115152,GRADE,001-CA2
189,RandomForest,delta G,kd,2.07285,5.520060380999997,0.6175850212723746,0.221777,[-0.377 ~ 0.69],0.049185,0.127273,X-GRADE,001-CA2
190,XGBoost,delta G,kd,1.6884671592712401,3.3291949467370174,0.959131121635437,0.150597,[-0.438 ~ 0.649],0.022679,0.224242,GRADE,001-CA2
191,XGBoost,delta G,kd,2.7089710998535153,8.952997859872458,0.8189915418624878,0.108874,[-0.472 ~ 0.624],0.011854,0.163636,X-GRADE,001-CA2
192,linearRegression,delta G,all,1.0059235268633002,1.611185811461978,0.4026687073826768,-0.035551,[-0.456 ~ 0.397],0.001264,0.120588,GRADE,003-CK2
193,linearRegression,delta G,all,1.2290968262448678,2.2342936544912524,0.4728380626678662,-0.148583,[-0.541 ~ 0.297],0.022077,-0.044118,X-GRADE,003-CK2
194,Ridge,delta G,all,1.000805953365531,1.5964729305478367,0.40028557690584043,-0.02561,[-0.448 ~ 0.406],0.000656,0.120588,GRADE,003-CK2
195,Ridge,delta G,all,1.2343312298416393,2.2068504534259485,0.4365481463608749,-0.079652,[-0.49 ~ 0.36],0.006344,0.029412,X-GRADE,003-CK2
196,Lasso,delta G,all,0.9764577628759383,1.5222764749449262,0.3881725668560661,0.024669,[-0.407 ~ 0.447],0.000609,0.214706,GRADE,003-CK2
197,Lasso,delta G,all,1.2351832290198037,2.197727215423925,0.37768807745053656,-0.044064,[-0.462 ~ 0.39],0.001942,0.008824,X-GRADE,003-CK2
198,ElasticNet,delta G,all,0.9909812034762717,1.5693930960202114,0.39576739473588385,-0.007453,[-0.433 ~ 0.421],5.6e-05,0.185294,GRADE,003-CK2
199,ElasticNet,delta G,all,1.2133609587585412,2.1170020755993626,0.38253353438880766,0.029958,[-0.402 ~ 0.451],0.000897,0.102941,X-GRADE,003-CK2
200,SVR,delta G,all,0.6798552540811933,0.7891585779643302,0.41496319303809065,0.434834,[0.01 ~ 0.727],0.189081,0.426471,GRADE,003-CK2
201,SVR,delta G,all,0.7202775425610544,0.6657415437625829,0.6324874268614386,0.693292,[0.378 ~ 0.864],0.480654,0.691176,X-GRADE,003-CK2
202,DecisionTree,delta G,all,0.8676874999999997,1.6946393124999992,1.4999769529479443,0.574392,[0.195 ~ 0.804],0.329926,0.514802,GRADE,003-CK2
203,DecisionTree,delta G,all,1.1573125,1.9748055625000003,1.175138123530592,-0.018755,[-0.442 ~ 0.412],0.000352,0.010378,X-GRADE,003-CK2
204,RandomForest,delta G,all,0.8037874999999991,0.9534166037499987,0.5257962626757144,0.297125,[-0.149 ~ 0.643],0.088284,0.423529,GRADE,003-CK2
205,RandomForest,delta G,all,0.7342187500000007,0.822339424375,0.46039144617481353,0.494769,[0.086 ~ 0.761],0.244796,0.511765,X-GRADE,003-CK2
206,XGBoost,delta G,all,0.6881225330829621,0.6893806784284588,0.6334249377250671,0.477569,[0.064 ~ 0.751],0.228072,0.547059,GRADE,003-CK2
207,XGBoost,delta G,all,0.7179370603561401,0.8587962846623712,0.8798282146453857,0.365323,[-0.073 ~ 0.685],0.133461,0.429412,X-GRADE,003-CK2
208,linearRegression,delta G,ki,0.6381327915047965,0.6752077691686231,0.801813146069222,0.489733,[0.079 ~ 0.758],0.239839,0.555882,GRADE,003-CK2
209,linearRegression,delta G,ki,0.7293456254376365,0.7916574823571509,0.8919838628340454,0.476237,[0.062 ~ 0.751],0.226802,0.508824,X-GRADE,003-CK2
210,Ridge,delta G,ki,0.6366204111210126,0.6741534073145358,0.805696462160978,0.496495,[0.088 ~ 0.762],0.246507,0.541176,GRADE,003-CK2
211,Ridge,delta G,ki,0.7685396609703713,0.8273120277950912,0.9262308053814218,0.494381,[0.085 ~ 0.761],0.244413,0.502941,X-GRADE,003-CK2
212,Lasso,delta G,ki,0.6329692627414303,0.6822956638126265,0.820433159410004,0.51422,[0.112 ~ 0.772],0.264423,0.497059,GRADE,003-CK2
213,Lasso,delta G,ki,0.8044186881254962,0.8782743278550051,0.7900357495368105,0.460543,[0.042 ~ 0.742],0.2121,0.458824,X-GRADE,003-CK2
214,ElasticNet,delta G,ki,0.6332904066897083,0.6731784786943943,0.8097249168152428,0.503662,[0.098 ~ 0.766],0.253676,0.538235,GRADE,003-CK2
215,ElasticNet,delta G,ki,0.7786385681621462,0.8212984690576254,0.8328248833744841,0.484117,[0.072 ~ 0.755],0.234369,0.482353,X-GRADE,003-CK2
216,SVR,delta G,ki,0.48420815630044406,0.37856559274291723,0.5195459611761197,0.573185,[0.194 ~ 0.804],0.328542,0.494118,GRADE,003-CK2
217,SVR,delta G,ki,0.5838618717188533,0.45331481577987476,0.7711575476997069,0.627455,[0.274 ~ 0.832],0.3937,0.567647,X-GRADE,003-CK2
218,DecisionTree,delta G,ki,1.5789374999999999,5.124901812500001,2.047178603438156,-0.073048,[-0.485 ~ 0.365],0.005336,0.01916,GRADE,003-CK2
219,DecisionTree,delta G,ki,1.4174374999999997,3.1401880624999996,1.6829827269984086,0.181886,[-0.266 ~ 0.565],0.033083,0.123428,X-GRADE,003-CK2
220,RandomForest,delta G,ki,1.0597249999999998,1.5810025337500009,0.7470505914929725,0.032111,[-0.4 ~ 0.453],0.001031,0.035294,GRADE,003-CK2
221,RandomForest,delta G,ki,1.2054125000000016,1.9718506887500056,0.8396809892750946,0.035776,[-0.397 ~ 0.456],0.00128,0.135294,X-GRADE,003-CK2
222,XGBoost,delta G,ki,0.9577386248111726,1.240980271744934,0.9383593201637268,0.201943,[-0.246 ~ 0.579],0.040781,0.288235,GRADE,003-CK2
223,XGBoost,delta G,ki,0.9691138467788699,1.450162009783911,1.0127909183502197,0.293153,[-0.153 ~ 0.64],0.085939,0.370588,X-GRADE,003-CK2
224,linearRegression,delta G,kd,1.6083700074294571,3.457900304243134,0.46095043800501734,-0.442148,[-0.731 ~ -0.019],0.195495,-0.367647,GRADE,003-CK2
225,linearRegression,delta G,kd,1.8084605872524242,4.1084470749055,0.7190779795942112,-0.359916,[-0.682 ~ 0.079],0.129539,-0.335294,X-GRADE,003-CK2
226,Ridge,delta G,kd,1.6002544426812046,3.424447391993403,0.45121246991617836,-0.437352,[-0.728 ~ -0.013],0.191277,-0.367647,GRADE,003-CK2
227,Ridge,delta G,kd,1.8224839874493024,4.425418602465085,0.6831005761679788,-0.581071,[-0.808 ~ -0.205],0.337644,-0.535294,X-GRADE,003-CK2
228,Lasso,delta G,kd,1.5596895026749589,3.2537743762632405,0.4010324239539947,-0.416009,[-0.716 ~ 0.013],0.173064,-0.358824,GRADE,003-CK2
229,Lasso,delta G,kd,1.4318877085325201,2.6576384438182696,0.32327394629477507,-0.322977,[-0.659 ~ 0.121],0.104314,-0.279412,X-GRADE,003-CK2
230,ElasticNet,delta G,kd,1.5566931011325431,3.237770877546051,0.3958297098733734,-0.408777,[-0.712 ~ 0.022],0.167099,-0.344118,GRADE,003-CK2
231,ElasticNet,delta G,kd,1.60597974755019,3.3868074568495996,0.45827299706823593,-0.504292,[-0.766 ~ -0.099],0.25431,-0.385294,X-GRADE,003-CK2
232,SVR,delta G,kd,0.9204050016648284,1.1972392067744322,0.4408155456432686,0.553992,[0.166 ~ 0.793],0.306908,0.55,GRADE,003-CK2
233,SVR,delta G,kd,0.9797118843382924,1.2989249470636588,0.3835417700845125,0.55175,[0.163 ~ 0.792],0.304428,0.738235,X-GRADE,003-CK2
234,DecisionTree,delta G,kd,2.2298125,6.5081993125,2.2885276892305675,-0.177251,[-0.562 ~ 0.27],0.031418,-0.180881,GRADE,003-CK2
235,DecisionTree,delta G,kd,1.2845624999999998,2.7921180624999993,1.6234256796971025,0.490983,[0.081 ~ 0.759],0.241065,0.361359,X-GRADE,003-CK2
236,RandomForest,delta G,kd,1.2137125,2.313940999999999,0.5616707882514449,-0.314609,[-0.654 ~ 0.13],0.098979,-0.329412,GRADE,003-CK2
237,RandomForest,delta G,kd,0.828237499999998,0.9732744374999953,0.36351930055363013,0.582347,[0.207 ~ 0.808],0.339128,0.626471,X-GRADE,003-CK2
238,XGBoost,delta G,kd,1.3699801795482638,2.8021405583662595,1.1029739379882812,-0.115298,[-0.517 ~ 0.328],0.013294,-0.152941,GRADE,003-CK2
239,XGBoost,delta G,kd,1.3183363089561464,2.9038038205244896,1.4824477434158325,0.513072,[0.11 ~ 0.771],0.263243,0.467647,X-GRADE,003-CK2
240,linearRegression,delta G,all,2.8209793587657437,8.718299446197202,0.7352580955791619,-0.406795,[-0.694 ~ -0.007],0.165482,-0.108359,GRADE,010-MMP12
241,linearRegression,delta G,all,3.0330145373633166,9.818605283555831,0.7712579733294995,-0.493039,[-0.746 ~ -0.115],0.243087,-0.034056,X-GRADE,010-MMP12
242,Ridge,delta G,all,2.820357077260277,8.71202569850002,0.7323718231390928,-0.405914,[-0.694 ~ -0.006],0.164766,-0.108359,GRADE,010-MMP12
243,Ridge,delta G,all,3.0292261910196197,9.792035456450298,0.7378977258246964,-0.491909,[-0.746 ~ -0.113],0.241975,-0.04644,X-GRADE,010-MMP12
244,Lasso,delta G,all,2.773120859369704,8.400831653734096,0.6955291120966489,-0.398088,[-0.689 ~ 0.003],0.158474,-0.104231,GRADE,010-MMP12
245,Lasso,delta G,all,2.768527833160894,8.24215057054338,0.5101612822411074,-0.391981,[-0.685 ~ 0.011],0.153649,-0.009288,X-GRADE,010-MMP12
246,ElasticNet,delta G,all,2.8108828932642247,8.647391929516893,0.723174514596029,-0.403944,[-0.693 ~ -0.004],0.16317,-0.120743,GRADE,010-MMP12
247,ElasticNet,delta G,all,2.773299537895469,8.260478938120443,0.4831741061755365,-0.373188,[-0.673 ~ 0.033],0.13927,-0.038184,X-GRADE,010-MMP12
248,SVR,delta G,all,1.757126805843271,3.4776235552665407,0.4026325658541478,0.326616,[-0.085 ~ 0.643],0.106678,0.550052,GRADE,010-MMP12
249,SVR,delta G,all,2.14122851918952,5.0127391759955575,0.49535860876027954,0.318557,[-0.094 ~ 0.638],0.101479,0.360165,X-GRADE,010-MMP12
250,DecisionTree,delta G,all,2.136111111111111,5.965161111111112,2.048367612647498,0.123632,[-0.292 ~ 0.5],0.015285,0.125535,GRADE,010-MMP12
251,DecisionTree,delta G,all,4.621666666666666,30.033716666666674,3.619428882033568,-0.330673,[-0.646 ~ 0.081],0.109344,-0.508922,X-GRADE,010-MMP12
252,RandomForest,delta G,all,2.1833222222222215,5.48849226,0.6582425405746901,-0.016289,[-0.414 ~ 0.387],0.000265,0.215686,GRADE,010-MMP12
253,RandomForest,delta G,all,2.351544444444444,6.25222239222222,0.36563648141728133,-0.171455,[-0.536 ~ 0.246],0.029397,0.021672,X-GRADE,010-MMP12
254,XGBoost,delta G,all,1.139169487423367,2.1404049948439736,0.9424765706062317,0.361899,[-0.046 ~ 0.666],0.130971,0.180599,GRADE,010-MMP12
255,XGBoost,delta G,all,2.372973282072279,6.705876444008782,0.9288384318351746,-0.255117,[-0.595 ~ 0.162],0.065084,-0.001032,X-GRADE,010-MMP12
256,linearRegression,delta G,ki,2.8080588633883266,8.69267852205438,0.8294329419007712,-0.418585,[-0.702 ~ -0.021],0.175213,-0.114551,GRADE,010-MMP12
257,linearRegression,delta G,ki,3.2401178185109387,11.315242499143816,1.0893681403309934,-0.620441,[-0.818 ~ -0.292],0.384947,-0.159959,X-GRADE,010-MMP12
258,Ridge,delta G,ki,2.805614015733947,8.670156412147348,0.8220173756017559,-0.416783,[-0.701 ~ -0.019],0.173708,-0.114551,GRADE,010-MMP12
259,Ridge,delta G,ki,3.1701991979660917,10.70867632560925,0.9482340943549761,-0.592196,[-0.803 ~ -0.251],0.350696,-0.040248,X-GRADE,010-MMP12
260,Lasso,delta G,ki,2.748502095829865,8.310050779471123,0.7888253232636186,-0.408487,[-0.695 ~ -0.009],0.166862,-0.091847,GRADE,010-MMP12
261,Lasso,delta G,ki,2.8711957770380576,8.833716913187349,0.7306204534962286,-0.508687,[-0.756 ~ -0.135],0.258763,-0.019608,X-GRADE,010-MMP12
262,ElasticNet,delta G,ki,2.7726201000115185,8.450414914258738,0.79344895825346,-0.409931,[-0.696 ~ -0.011],0.168043,-0.089783,GRADE,010-MMP12
263,ElasticNet,delta G,ki,2.906188211380928,9.012064908087412,0.7245304887643613,-0.518904,[-0.761 ~ -0.149],0.269261,-0.040248,X-GRADE,010-MMP12
264,SVR,delta G,ki,1.81897337278271,3.848500081791156,0.5099988223145075,0.167586,[-0.25 ~ 0.533],0.028085,0.25903,GRADE,010-MMP12
265,SVR,delta G,ki,2.2743972994828874,5.608930353200424,0.5949084232152821,-0.067541,[-0.456 ~ 0.343],0.004562,0.151703,X-GRADE,010-MMP12
266,DecisionTree,delta G,ki,2.607222222222222,8.43635,1.470105396406397,-0.204968,[-0.56 ~ 0.213],0.042012,0.084202,GRADE,010-MMP12
267,DecisionTree,delta G,ki,2.341666666666667,8.84826111111111,1.6906208224886203,-0.561712,[-0.786 ~ -0.208],0.31552,-0.382475,X-GRADE,010-MMP12
268,RandomForest,delta G,ki,2.45561111111111,6.911737262222218,0.7623711662056278,-0.235742,[-0.582 ~ 0.182],0.055574,-0.100103,GRADE,010-MMP12
269,RandomForest,delta G,ki,2.518888888888889,7.179117975555556,0.651329332600777,-0.497024,[-0.749 ~ -0.12],0.247032,-0.213622,X-GRADE,010-MMP12
270,XGBoost,delta G,ki,1.5482909138997394,3.1917840720163824,0.782228410243988,0.175387,[-0.243 ~ 0.538],0.030761,0.273478,GRADE,010-MMP12
271,XGBoost,delta G,ki,2.5001836861504447,7.1119564900763566,0.9376192092895508,-0.350024,[-0.659 ~ 0.059],0.122517,-0.027864,X-GRADE,010-MMP12
272,linearRegression,delta G,kd,3.0442934349835458,10.079793842149094,0.6395928588892119,-0.439691,[-0.715 ~ -0.047],0.193328,-0.104231,GRADE,010-MMP12
273,linearRegression,delta G,kd,3.069698470629571,10.344371965124935,0.5923208694867742,-0.323655,[-0.641 ~ 0.089],0.104752,-0.095975,X-GRADE,010-MMP12
274,Ridge,delta G,kd,3.042336240646709,10.064739241921323,0.6342756799144581,-0.438219,[-0.714 ~ -0.045],0.192036,-0.104231,GRADE,010-MMP12
275,Ridge,delta G,kd,3.0937652039086387,10.508731792486572,0.5779247475984901,-0.289761,[-0.619 ~ 0.126],0.083961,-0.065015,X-GRADE,010-MMP12
276,Lasso,delta G,kd,2.9804770290321287,9.619810270577021,0.5716605493910781,-0.431791,[-0.71 ~ -0.037],0.186443,-0.071207,GRADE,010-MMP12
277,Lasso,delta G,kd,2.8621222562608755,9.086572043080519,0.3810980374954296,-0.018833,[-0.417 ~ 0.385],0.000355,0.065015,X-GRADE,010-MMP12
278,ElasticNet,delta G,kd,3.0078884929605127,9.813773018161204,0.591264800903992,-0.43237,[-0.71 ~ -0.038],0.186944,-0.095975,GRADE,010-MMP12
279,ElasticNet,delta G,kd,2.8862308707393374,9.235749994579574,0.40505348481716374,-0.059073,[-0.449 ~ 0.35],0.00349,0.077399,X-GRADE,010-MMP12
280,SVR,delta G,kd,2.3634850352083787,5.918990296258587,0.44113645743414903,0.115938,[-0.299 ~ 0.494],0.013442,0.157895,GRADE,010-MMP12
281,SVR,delta G,kd,1.9770630033532401,4.4650816392661286,0.5666999890683355,0.670232,[0.368 ~ 0.844],0.449211,0.510836,X-GRADE,010-MMP12
282,DecisionTree,delta G,kd,3.007777777777778,11.55488888888889,1.9217174192649067,0.150065,[-0.267 ~ 0.52],0.02252,0.225674,GRADE,010-MMP12
283,DecisionTree,delta G,kd,3.6811111111111114,17.0369,2.672026384600272,-0.040336,[-0.434 ~ 0.366],0.001627,-0.163562,X-GRADE,010-MMP12
284,RandomForest,delta G,kd,2.3871666666666673,6.166829183333333,0.857863289419318,0.253936,[-0.164 ~ 0.594],0.064483,0.409701,GRADE,010-MMP12
285,RandomForest,delta G,kd,2.594044444444444,7.387206478888887,0.4857939286478487,0.014651,[-0.389 ~ 0.413],0.000215,0.157895,X-GRADE,010-MMP12
286,XGBoost,delta G,kd,2.1400721327463783,5.082837232387735,0.7238214612007141,0.096896,[-0.316 ~ 0.479],0.009389,0.298246,GRADE,010-MMP12
287,XGBoost,delta G,kd,3.450045318603516,13.445936576328092,0.9829265475273132,-0.15103,[-0.52 ~ 0.266],0.02281,0.0258,X-GRADE,010-MMP12
288,linearRegression,delta G,all,1.4413071913613584,2.816036916970289,0.2468513808991916,0.614193,[0.094 ~ 0.871],0.377234,0.539394,GRADE,005-Cath-D
289,linearRegression,delta G,all,1.4214024073909433,2.560746649586452,0.3027576098910332,0.587153,[0.052 ~ 0.86],0.344749,0.442424,X-GRADE,005-Cath-D
290,Ridge,delta G,all,1.440357822950455,2.8055388809865334,0.2461502825615359,0.620387,[0.104 ~ 0.873],0.38488,0.539394,GRADE,005-Cath-D
291,Ridge,delta G,all,1.410912336916928,2.4706950025493013,0.2943268850072624,0.658085,[0.166 ~ 0.888],0.433076,0.6,X-GRADE,005-Cath-D
292,Lasso,delta G,all,1.4357765002642773,2.765728747852388,0.24490015380629657,0.646223,[0.146 ~ 0.883],0.417605,0.539394,GRADE,005-Cath-D
293,Lasso,delta G,all,1.4163966067009217,2.5027668097512077,0.2531393168151444,0.68837,[0.22 ~ 0.899],0.473853,0.587879,X-GRADE,005-Cath-D
294,ElasticNet,delta G,all,1.4389634111077256,2.7921759658199106,0.2455174175038808,0.628718,[0.117 ~ 0.877],0.395286,0.539394,GRADE,005-Cath-D
295,ElasticNet,delta G,all,1.4007685320896717,2.469798339980863,0.2574487496012034,0.725943,[0.29 ~ 0.912],0.526993,0.587879,X-GRADE,005-Cath-D
296,SVR,delta G,all,1.4228806769319653,2.3514159049782877,0.3944379662532941,0.619542,[0.102 ~ 0.873],0.383832,0.660606,GRADE,005-Cath-D
297,SVR,delta G,all,1.3707524288044648,2.3229237729576546,0.23512891615890352,0.844689,[0.548 ~ 0.953],0.713499,0.866667,X-GRADE,005-Cath-D
298,DecisionTree,delta G,all,3.1678,12.539739999999998,2.6897548215404314,-0.232241,[-0.695 ~ 0.367],0.053936,-0.200746,GRADE,005-Cath-D
299,DecisionTree,delta G,all,1.8064,4.610519999999998,1.3206150082442643,0.085962,[-0.49 ~ 0.609],0.007389,0.025093,X-GRADE,005-Cath-D
300,RandomForest,delta G,all,1.59524,3.0295232419999985,0.396604139665737,0.303457,[-0.299 ~ 0.733],0.092086,0.430303,GRADE,005-Cath-D
301,RandomForest,delta G,all,1.6066800000000008,2.968612468000003,0.27231842831508735,0.149914,[-0.439 ~ 0.649],0.022474,0.29697,X-GRADE,005-Cath-D
302,XGBoost,delta G,all,1.8486117538452145,4.620399669001984,0.5757637023925781,-0.178835,[-0.665 ~ 0.414],0.031982,-0.078788,GRADE,005-Cath-D
303,XGBoost,delta G,all,1.557051118469238,3.1572153525074245,0.5153932571411133,0.390821,[-0.206 ~ 0.776],0.152741,0.381818,X-GRADE,005-Cath-D
304,linearRegression,delta G,ki,1.5690424427631138,3.704802537201328,0.2782012073491479,0.388841,[-0.208 ~ 0.775],0.151197,0.345455,GRADE,005-Cath-D
305,linearRegression,delta G,ki,1.7172029160258873,4.34793671785526,0.3319110815658827,0.257276,[-0.344 ~ 0.709],0.066191,0.139394,X-GRADE,005-Cath-D
306,Ridge,delta G,ki,1.5602579845597415,3.672619340653592,0.27651726082446065,0.400988,[-0.194 ~ 0.78],0.160792,0.345455,GRADE,005-Cath-D
307,Ridge,delta G,ki,1.6013940824403754,3.790487974385853,0.2948817689154099,0.319183,[-0.283 ~ 0.741],0.101878,0.236364,X-GRADE,005-Cath-D
308,Lasso,delta G,ki,1.4990796663311035,3.414562953716255,0.2775674814536081,0.433626,[-0.156 ~ 0.795],0.188032,0.369697,GRADE,005-Cath-D
309,Lasso,delta G,ki,1.5634253166398628,3.604408895730058,0.2982178163691745,0.390415,[-0.206 ~ 0.776],0.152424,0.212121,X-GRADE,005-Cath-D
310,ElasticNet,delta G,ki,1.537223264391622,3.580035569968423,0.2754885303406163,0.420296,[-0.172 ~ 0.789],0.176648,0.369697,GRADE,005-Cath-D
311,ElasticNet,delta G,ki,1.5508166505021623,3.5316200528340955,0.2985406356742316,0.41858,[-0.174 ~ 0.789],0.175209,0.224242,X-GRADE,005-Cath-D
312,SVR,delta G,ki,1.458108131648691,2.4875317367235983,0.3431104273941031,0.518777,[-0.047 ~ 0.833],0.269129,0.551515,GRADE,005-Cath-D
313,SVR,delta G,ki,1.338153933775411,2.3704823796741903,0.2912625518229369,0.839444,[0.535 ~ 0.951],0.704666,0.842424,X-GRADE,005-Cath-D
314,DecisionTree,delta G,ki,1.6467999999999996,5.192073999999998,1.6117893782997825,0.062687,[-0.507 ~ 0.594],0.00393,0.07528,GRADE,005-Cath-D
315,DecisionTree,delta G,ki,3.6245999999999996,16.58638,2.3962504042774833,-0.888509,[-0.967 ~ -0.66],0.789448,-0.89026,X-GRADE,005-Cath-D
316,RandomForest,delta G,ki,1.6027500000000003,3.160180420999997,0.28283409995967435,0.378235,[-0.22 ~ 0.77],0.143062,0.127273,GRADE,005-Cath-D
317,RandomForest,delta G,ki,1.5403400000000005,3.056912230000001,0.41212569150684925,0.364568,[-0.235 ~ 0.763],0.13291,0.321212,X-GRADE,005-Cath-D
318,XGBoost,delta G,ki,1.3569390083312984,2.5827326037273606,0.670465350151062,0.63143,[0.121 ~ 0.878],0.398703,0.624242,GRADE,005-Cath-D
319,XGBoost,delta G,ki,1.4188029075622555,3.1164436487954257,0.40107056498527527,0.212952,[-0.385 ~ 0.685],0.045348,0.406061,X-GRADE,005-Cath-D
320,linearRegression,delta G,kd,1.4122162386803174,2.6362072960431173,0.20794912906424906,0.822472,[0.495 ~ 0.945],0.67646,0.648485,GRADE,005-Cath-D
321,linearRegression,delta G,kd,1.3542232917946733,2.161470586769929,0.27596526001101646,0.913885,[0.73 ~ 0.974],0.835186,0.854545,X-GRADE,005-Cath-D
322,Ridge,delta G,kd,1.4106290078826849,2.624073877826476,0.20849840193618352,0.82868,[0.51 ~ 0.947],0.68671,0.648485,GRADE,005-Cath-D
323,Ridge,delta G,kd,1.3525894808914356,2.1490684478036375,0.27888224090554575,0.924186,[0.76 ~ 0.978],0.85412,0.90303,X-GRADE,005-Cath-D
324,Lasso,delta G,kd,1.401734920329317,2.566044331523332,0.2137113925575721,0.854744,[0.573 ~ 0.956],0.730587,0.69697,GRADE,005-Cath-D
325,Lasso,delta G,kd,1.3514676606806293,2.241885131422869,0.27613781837772633,0.860747,[0.588 ~ 0.958],0.740886,0.806061,X-GRADE,005-Cath-D
326,ElasticNet,delta G,kd,1.4015302664369607,2.5607313055647745,0.21369339767663093,0.855215,[0.574 ~ 0.956],0.731393,0.721212,GRADE,005-Cath-D
327,ElasticNet,delta G,kd,1.3454631676743045,2.244262101817077,0.2773949131333926,0.864344,[0.597 ~ 0.959],0.747091,0.842424,X-GRADE,005-Cath-D
328,SVR,delta G,kd,1.5325884382941584,2.8814526120403707,0.34997400714305693,0.616268,[0.097 ~ 0.872],0.379786,0.709091,GRADE,005-Cath-D
329,SVR,delta G,kd,1.3967830052198567,2.4652582039390367,0.18999150083666164,0.831281,[0.516 ~ 0.948],0.691028,0.781818,X-GRADE,005-Cath-D
330,DecisionTree,delta G,kd,1.9275999999999995,4.133383999999998,0.40266735651155056,-0.474872,[-0.814 ~ 0.105],0.225503,-0.246525,GRADE,005-Cath-D
331,DecisionTree,delta G,kd,2.4589999999999996,8.477723999999998,1.3318318212146756,-0.318729,[-0.741 ~ 0.283],0.101588,-0.484881,X-GRADE,005-Cath-D
332,RandomForest,delta G,kd,1.5150799999999989,2.6862976759999966,0.26682472823934583,0.49746,[-0.076 ~ 0.824],0.247466,0.478788,GRADE,005-Cath-D
333,RandomForest,delta G,kd,1.4437799999999998,2.6072561060000004,0.24033240813506557,0.568745,[0.024 ~ 0.853],0.32347,0.575758,X-GRADE,005-Cath-D
334,XGBoost,delta G,kd,1.8219565032958982,4.454600043681838,0.6758596897125244,-0.230802,[-0.695 ~ 0.368],0.05327,-0.115152,GRADE,005-Cath-D
335,XGBoost,delta G,kd,1.5900541183471681,4.177670065268394,0.6298403739929199,0.419345,[-0.173 ~ 0.789],0.17585,0.381818,X-GRADE,005-Cath-D
336,linearRegression,delta G,all,3.330692965402275,11.936525598147261,0.36896984116801435,0.852878,[0.616 ~ 0.948],0.727401,0.86014,GRADE,007-JAK1
337,linearRegression,delta G,all,3.3044734794052264,11.821305646999773,0.6484012604310675,0.628774,[0.189 ~ 0.859],0.395356,0.629371,X-GRADE,007-JAK1
338,Ridge,delta G,all,3.3286027551126653,11.923753668507148,0.36877729697799466,0.851881,[0.614 ~ 0.948],0.725702,0.86014,GRADE,007-JAK1
339,Ridge,delta G,all,3.293527480586709,11.75101983848249,0.6483666307888939,0.627547,[0.187 ~ 0.858],0.393815,0.629371,X-GRADE,007-JAK1
340,Lasso,delta G,all,3.3104936630978603,11.818833885289294,0.3657503071104757,0.839164,[0.585 ~ 0.943],0.704195,0.86014,GRADE,007-JAK1
341,Lasso,delta G,all,3.1679699039324922,10.947391454282622,0.6221241186807311,0.626838,[0.186 ~ 0.858],0.392926,0.573427,X-GRADE,007-JAK1
342,ElasticNet,delta G,all,3.32341934535772,11.89323008788246,0.3679671131743078,0.848653,[0.606 ~ 0.947],0.720213,0.86014,GRADE,007-JAK1
343,ElasticNet,delta G,all,3.189817493189023,11.09267371388898,0.6038654654326898,0.626147,[0.185 ~ 0.857],0.39206,0.608392,X-GRADE,007-JAK1
344,SVR,delta G,all,3.3173237740920674,11.59743512060342,0.7025276935034653,0.804623,[0.51 ~ 0.93],0.647419,0.79021,GRADE,007-JAK1
345,SVR,delta G,all,3.7907941520938944,15.161529879076527,0.7757080116120934,0.680636,[0.275 ~ 0.881],0.463266,0.503497,X-GRADE,007-JAK1
346,DecisionTree,delta G,all,2.2922500000000006,6.841735416666668,2.394338664201221,0.491127,[-0.011 ~ 0.795],0.241206,0.197188,GRADE,007-JAK1
347,DecisionTree,delta G,all,3.36275,15.839133749999997,1.931050376234539,-0.212626,[-0.644 ~ 0.321],0.04521,-0.208121,X-GRADE,007-JAK1
348,RandomForest,delta G,all,2.469750000000001,6.821010268333333,0.6993297636546957,0.729853,[0.363 ~ 0.901],0.532686,0.48951,GRADE,007-JAK1
349,RandomForest,delta G,all,2.7090416666666655,8.148617527499995,0.6553719433247227,0.685729,[0.284 ~ 0.883],0.470224,0.587413,X-GRADE,007-JAK1
350,XGBoost,delta G,all,2.8842639471689857,10.293471339676291,0.9635464549064636,0.130245,[-0.395 ~ 0.591],0.016964,-0.020979,GRADE,007-JAK1
351,XGBoost,delta G,all,2.8414881397883094,8.76430622637343,0.9910430312156677,0.733156,[0.369 ~ 0.902],0.537518,0.629371,X-GRADE,007-JAK1
352,linearRegression,delta G,ki,2.8037640874429552,8.593169752476824,0.4538110552529997,0.857678,[0.627 ~ 0.95],0.735611,0.874126,GRADE,007-JAK1
353,linearRegression,delta G,ki,3.1030737352266367,10.456060361120644,0.6965177607984113,0.667922,[0.253 ~ 0.875],0.44612,0.636364,X-GRADE,007-JAK1
354,Ridge,delta G,ki,2.803558097443595,8.595372080640223,0.454226999815459,0.854187,[0.619 ~ 0.949],0.729635,0.874126,GRADE,007-JAK1
355,Ridge,delta G,ki,3.0122990841183923,9.898607938275623,0.723347339756528,0.666196,[0.25 ~ 0.875],0.443817,0.622378,X-GRADE,007-JAK1
356,Lasso,delta G,ki,2.7725604230152108,8.449180688800878,0.44989110772735724,0.834392,[0.574 ~ 0.941],0.696209,0.818182,GRADE,007-JAK1
357,Lasso,delta G,ki,2.7207982177206538,8.17553356376843,0.7143665529062513,0.697063,[0.303 ~ 0.887],0.485897,0.692308,X-GRADE,007-JAK1
358,ElasticNet,delta G,ki,2.7895112944514247,8.528431551681017,0.4540649846614555,0.8438,[0.595 ~ 0.945],0.711999,0.811189,GRADE,007-JAK1
359,ElasticNet,delta G,ki,2.8238153563144723,8.762083637963299,0.7115312521718664,0.688595,[0.289 ~ 0.884],0.474163,0.692308,X-GRADE,007-JAK1
360,SVR,delta G,ki,2.6159604607196623,7.57906560142629,0.7147824828656828,0.718333,[0.342 ~ 0.896],0.516002,0.517483,GRADE,007-JAK1
361,SVR,delta G,ki,3.040024873431676,9.986771268955946,0.764813672935225,0.706296,[0.32 ~ 0.891],0.498854,0.58042,X-GRADE,007-JAK1
362,DecisionTree,delta G,ki,1.9780833333333334,4.923822083333333,1.091488535085102,0.187024,[-0.344 ~ 0.628],0.034978,0.182779,GRADE,007-JAK1
363,DecisionTree,delta G,ki,2.8222500000000004,11.689615416666669,2.4699880510282277,0.063707,[-0.45 ~ 0.546],0.004059,0.121902,X-GRADE,007-JAK1
364,RandomForest,delta G,ki,1.8966833333333313,4.312455993333324,0.736328425364661,0.641676,[0.21 ~ 0.864],0.411748,0.608392,GRADE,007-JAK1
365,RandomForest,delta G,ki,2.1638416666666664,5.467806045833327,0.6481372635719657,0.702727,[0.313 ~ 0.89],0.493825,0.776224,X-GRADE,007-JAK1
366,XGBoost,delta G,ki,2.5088802919387816,7.166598333679377,0.9721213579177856,0.418991,[-0.101 ~ 0.759],0.175554,0.237762,GRADE,007-JAK1
367,XGBoost,delta G,ki,3.069317596117655,10.645173855874905,0.9779866337776184,0.506833,[0.01 ~ 0.803],0.25688,0.286713,X-GRADE,007-JAK1
368,linearRegression,delta G,kd,3.916315488810007,16.29857931127168,0.30334522429472294,0.816923,[0.536 ~ 0.935],0.667363,0.881119,GRADE,007-JAK1
369,linearRegression,delta G,kd,3.4218476528390496,12.579857986930158,0.6446065156021377,0.649133,[0.222 ~ 0.867],0.421374,0.629371,X-GRADE,007-JAK1
370,Ridge,delta G,kd,3.9137380017286376,16.28087865921175,0.30170964334047823,0.816607,[0.536 ~ 0.935],0.666848,0.881119,GRADE,007-JAK1
371,Ridge,delta G,kd,3.4510733797028386,12.767590624790115,0.6190538032770816,0.663166,[0.245 ~ 0.873],0.439789,0.664336,X-GRADE,007-JAK1
372,Lasso,delta G,kd,3.897777438247902,16.18315463263661,0.29200664056700243,0.797541,[0.496 ~ 0.927],0.636072,0.797203,GRADE,007-JAK1
373,Lasso,delta G,kd,3.5793054712265633,13.658501195533395,0.5176747440111863,0.709683,[0.326 ~ 0.893],0.50365,0.552448,X-GRADE,007-JAK1
374,ElasticNet,delta G,kd,3.9017156896186003,16.205041814918037,0.29331631245551304,0.807472,[0.516 ~ 0.931],0.652011,0.825175,GRADE,007-JAK1
375,ElasticNet,delta G,kd,3.4861409488385564,12.98796611442465,0.5746171746691168,0.692814,[0.296 ~ 0.886],0.479991,0.615385,X-GRADE,007-JAK1
376,SVR,delta G,kd,3.837433167341471,15.309750184170632,0.6051641438061489,0.853404,[0.617 ~ 0.949],0.728299,0.748252,GRADE,007-JAK1
377,SVR,delta G,kd,3.773360473569523,14.813169578642585,0.6856985525812235,0.821072,[0.545 ~ 0.936],0.67416,0.664336,X-GRADE,007-JAK1
378,DecisionTree,delta G,kd,2.8990833333333335,12.392452083333334,2.0335327771038156,-0.006673,[-0.504 ~ 0.494],4.5e-05,-0.140352,GRADE,007-JAK1
379,DecisionTree,delta G,kd,2.9289166666666664,11.836772083333331,2.1058701025677937,0.405499,[-0.118 ~ 0.752],0.164429,0.338037,X-GRADE,007-JAK1
380,RandomForest,delta G,kd,3.254091666666667,11.205010084166668,0.7699812286222015,0.774962,[0.45 ~ 0.919],0.600566,0.762238,GRADE,007-JAK1
381,RandomForest,delta G,kd,3.1723249999999985,10.591877699166657,0.7429143805816387,0.829129,[0.563 ~ 0.939],0.687456,0.762238,X-GRADE,007-JAK1
382,XGBoost,delta G,kd,2.9865007568995154,9.714237033402826,0.7246490716934204,0.682925,[0.279 ~ 0.882],0.466386,0.391608,GRADE,007-JAK1
383,XGBoost,delta G,kd,3.158147431373596,11.4507864935044,1.4377847909927368,0.590949,[0.13 ~ 0.842],0.349221,0.713287,X-GRADE,007-JAK1
384,linearRegression,delta G,all,1.0404773922102288,1.8129876413107557,0.5741450348980092,0.625704,[0.271 ~ 0.831],0.391506,0.635294,GRADE,006-BACE1-D3R
385,linearRegression,delta G,all,0.8645317232746266,1.31865114641392,0.5196057282274611,0.391382,[-0.043 ~ 0.701],0.15318,0.217647,X-GRADE,006-BACE1-D3R
386,Ridge,delta G,all,1.0409049632594862,1.8109774739850375,0.5748741203445454,0.629036,[0.276 ~ 0.832],0.395687,0.635294,GRADE,006-BACE1-D3R
387,Ridge,delta G,all,0.848791544599805,1.288669973017743,0.5357533920557114,0.414129,[-0.016 ~ 0.715],0.171503,0.226471,X-GRADE,006-BACE1-D3R
388,Lasso,delta G,all,1.0480469997502797,1.8256535375138534,0.5655902258899537,0.645986,[0.302 ~ 0.841],0.417298,0.641176,GRADE,006-BACE1-D3R
389,Lasso,delta G,all,0.787026169509259,1.069150859716574,0.4996455017804655,0.594507,[0.225 ~ 0.815],0.353438,0.641176,X-GRADE,006-BACE1-D3R
390,ElasticNet,delta G,all,1.0431072069042118,1.812100730561348,0.5732211024139476,0.637219,[0.289 ~ 0.837],0.406047,0.635294,GRADE,006-BACE1-D3R
391,ElasticNet,delta G,all,0.7831978994282459,1.0527071962050036,0.5247743038064185,0.5917,[0.22 ~ 0.813],0.350109,0.711765,X-GRADE,006-BACE1-D3R
392,SVR,delta G,all,1.5208699163016748,3.242309223867255,0.9488194284321547,-0.286638,[-0.636 ~ 0.16],0.082162,-0.382353,GRADE,006-BACE1-D3R
393,SVR,delta G,all,1.4027253671398592,2.722889727721627,0.5022731187971157,-0.294076,[-0.641 ~ 0.152],0.08648,-0.270588,X-GRADE,006-BACE1-D3R
394,DecisionTree,delta G,all,1.4178125000000001,3.1848233125,0.9225065633235355,-0.257598,[-0.617 ~ 0.19],0.066357,-0.427237,GRADE,006-BACE1-D3R
395,DecisionTree,delta G,all,1.8816875,5.4297083125,1.725499474789836,0.303927,[-0.141 ~ 0.647],0.092372,0.171089,X-GRADE,006-BACE1-D3R
396,RandomForest,delta G,all,1.0183624999999998,1.737543375000001,0.3591396629446531,0.126314,[-0.318 ~ 0.525],0.015955,0.088235,GRADE,006-BACE1-D3R
397,RandomForest,delta G,all,0.9823874999999997,1.6234814049999988,0.35504558070056236,0.210576,[-0.238 ~ 0.585],0.044342,0.211765,X-GRADE,006-BACE1-D3R
398,XGBoost,delta G,all,1.4731476755142214,2.9048576515972826,1.0427284240722656,-0.002616,[-0.429 ~ 0.425],7e-06,-0.002941,GRADE,006-BACE1-D3R
399,XGBoost,delta G,all,1.7674441525936124,4.557845401492694,1.1243510246276855,-0.188064,[-0.569 ~ 0.26],0.035368,-0.211765,X-GRADE,006-BACE1-D3R
400,linearRegression,delta G,ki,1.290418234483667,2.5235601712549336,0.5892212306600147,0.658221,[0.322 ~ 0.847],0.433255,0.535294,GRADE,006-BACE1-D3R
401,linearRegression,delta G,ki,0.9033163088242269,1.417776677823293,0.6096911525889992,0.353113,[-0.087 ~ 0.678],0.124689,0.244118,X-GRADE,006-BACE1-D3R
402,Ridge,delta G,ki,1.2924762852308274,2.5182650596880722,0.5921950268283218,0.662803,[0.329 ~ 0.849],0.439308,0.535294,GRADE,006-BACE1-D3R
403,Ridge,delta G,ki,0.8362485249824901,1.366376695708261,0.6371715431858491,0.438332,[0.014 ~ 0.729],0.192135,0.302941,X-GRADE,006-BACE1-D3R
404,Lasso,delta G,ki,1.3374771207313605,2.6297293723537924,0.5834448568846006,0.680942,[0.358 ~ 0.858],0.463682,0.573529,GRADE,006-BACE1-D3R
405,Lasso,delta G,ki,0.8544801251228981,1.3848098580124117,0.6020642876514853,0.445125,[0.022 ~ 0.733],0.198136,0.285294,X-GRADE,006-BACE1-D3R
406,ElasticNet,delta G,ki,1.3071517214493735,2.544269746457173,0.5923812320696709,0.672249,[0.344 ~ 0.854],0.451918,0.552941,GRADE,006-BACE1-D3R
407,ElasticNet,delta G,ki,0.8101619941607623,1.278060784576714,0.6172190419667075,0.502878,[0.097 ~ 0.765],0.252886,0.344118,X-GRADE,006-BACE1-D3R
408,SVR,delta G,ki,1.7743157644651986,4.3354672261682605,1.2422427783126415,-0.330864,[-0.664 ~ 0.112],0.109471,-0.352941,GRADE,006-BACE1-D3R
409,SVR,delta G,ki,1.2137629794583618,2.17211646092595,0.5440714195512049,-0.141144,[-0.536 ~ 0.304],0.019922,-0.105882,X-GRADE,006-BACE1-D3R
410,DecisionTree,delta G,ki,1.7856874999999999,4.0546108125,1.5329280346366556,0.050212,[-0.385 ~ 0.467],0.002521,0.020835,GRADE,006-BACE1-D3R
411,DecisionTree,delta G,ki,2.3966875000000005,7.309130812500001,1.9849051457185556,0.723179,[0.429 ~ 0.879],0.522987,0.708168,X-GRADE,006-BACE1-D3R
412,RandomForest,delta G,ki,1.3102187500000007,2.617143404374999,0.6390367516512157,-0.203579,[-0.58 ~ 0.245],0.041444,-0.214706,GRADE,006-BACE1-D3R
413,RandomForest,delta G,ki,1.0274875000000012,1.8974391787500033,0.5298814590311679,0.223698,[-0.225 ~ 0.594],0.050041,0.258824,X-GRADE,006-BACE1-D3R
414,XGBoost,delta G,ki,1.8140169744491579,4.844955120113777,1.40346360206604,-0.253342,[-0.614 ~ 0.195],0.064182,-0.35,GRADE,006-BACE1-D3R
415,XGBoost,delta G,ki,1.7135057506561278,4.04391408645453,1.1180386543273926,-0.267859,[-0.624 ~ 0.18],0.071749,-0.15,X-GRADE,006-BACE1-D3R
416,linearRegression,delta G,kd,0.7752204919419403,1.0737481250526582,0.546100171039553,0.687065,[0.368 ~ 0.861],0.472059,0.670588,GRADE,006-BACE1-D3R
417,linearRegression,delta G,kd,1.0848857371704401,1.4999907216268946,0.5069030062204913,0.451066,[0.03 ~ 0.736],0.20346,0.508824,X-GRADE,006-BACE1-D3R
418,Ridge,delta G,kd,0.7717725373049948,1.0664595040090585,0.547119969977574,0.692837,[0.378 ~ 0.864],0.480023,0.694118,GRADE,006-BACE1-D3R
419,Ridge,delta G,kd,1.0593454035525016,1.4160606904654895,0.5287696493662294,0.51793,[0.117 ~ 0.774],0.268252,0.547059,X-GRADE,006-BACE1-D3R
420,Lasso,delta G,kd,0.7571974802877416,1.0431734902759577,0.5400222502159561,0.720786,[0.424 ~ 0.878],0.519532,0.711765,GRADE,006-BACE1-D3R
421,Lasso,delta G,kd,0.8930101337001647,1.0557839797068995,0.5022510667426506,0.740386,[0.458 ~ 0.887],0.548171,0.802941,X-GRADE,006-BACE1-D3R
422,ElasticNet,delta G,kd,0.7530865064503472,1.037719448763701,0.5427544306889619,0.728095,[0.437 ~ 0.881],0.530122,0.711765,GRADE,006-BACE1-D3R
423,ElasticNet,delta G,kd,0.9607252593892169,1.1901491197257186,0.5235773675081038,0.623158,[0.267 ~ 0.829],0.388326,0.6,X-GRADE,006-BACE1-D3R
424,SVR,delta G,kd,1.2520660609519365,2.251721376036662,0.6144092379667463,-0.198648,[-0.577 ~ 0.249],0.039461,-0.279412,GRADE,006-BACE1-D3R
425,SVR,delta G,kd,1.5635916167128108,3.19881759278155,0.3860194783232611,-0.381074,[-0.695 ~ 0.055],0.145217,-0.297059,X-GRADE,006-BACE1-D3R
426,DecisionTree,delta G,kd,1.2889375000000003,2.9338458125000013,0.5401735832119156,-0.16555,[-0.553 ~ 0.281],0.027407,-0.118492,GRADE,006-BACE1-D3R
427,DecisionTree,delta G,kd,1.0453125,1.8932795624999996,0.8375624976680843,0.179218,[-0.268 ~ 0.563],0.032119,-0.072733,X-GRADE,006-BACE1-D3R
428,RandomForest,delta G,kd,0.93986875,1.3553893418750014,0.28519043301965125,0.525205,[0.127 ~ 0.778],0.27584,0.326471,GRADE,006-BACE1-D3R
429,RandomForest,delta G,kd,0.9727687499999994,1.4486915318749998,0.2253959820203946,0.275355,[-0.172 ~ 0.628],0.07582,-0.026471,X-GRADE,006-BACE1-D3R
430,XGBoost,delta G,kd,1.10746479845047,2.1805279013244556,0.9063934087753296,0.144515,[-0.301 ~ 0.538],0.020885,0.211765,GRADE,006-BACE1-D3R
431,XGBoost,delta G,kd,1.2596573922634122,2.5149229854676682,0.970885694026947,0.056433,[-0.38 ~ 0.472],0.003185,0.129412,X-GRADE,006-BACE1-D3R
432,linearRegression,delta G,all,1.8862430950388367,4.725867986253844,0.8114748297825518,0.092655,[-0.277 ~ 0.438],0.008585,-0.063806,GRADE,002-HIV-PR
433,linearRegression,delta G,all,1.8442338172477526,4.8728920151245445,0.8504506965838862,0.369296,[0.01 ~ 0.644],0.136379,0.407115,X-GRADE,002-HIV-PR
434,Ridge,delta G,all,1.8856293925979015,4.7264479567228035,0.8077113345428825,0.093999,[-0.276 ~ 0.44],0.008836,-0.063806,GRADE,002-HIV-PR
435,Ridge,delta G,all,1.8556817711795779,4.966209170370032,0.823125042072765,0.375396,[0.017 ~ 0.648],0.140922,0.390175,X-GRADE,002-HIV-PR
436,Lasso,delta G,all,1.8837274944390339,4.721966890486651,0.7903344942200801,0.096128,[-0.274 ~ 0.441],0.009241,-0.045737,GRADE,002-HIV-PR
437,Lasso,delta G,all,1.8517808923375199,5.090708472967935,0.7133520434563295,0.431358,[0.084 ~ 0.685],0.186069,0.400339,X-GRADE,002-HIV-PR
438,ElasticNet,delta G,all,1.8855445667792459,4.725806873104139,0.806585465650666,0.093979,[-0.276 ~ 0.44],0.008832,-0.063806,GRADE,002-HIV-PR
439,ElasticNet,delta G,all,1.890347186572482,5.3173993999925395,0.7057875677551746,0.418528,[0.068 ~ 0.677],0.175166,0.387916,X-GRADE,002-HIV-PR
440,SVR,delta G,all,1.6434450322541048,3.807521456667544,0.8031306706391341,0.31379,[-0.053 ~ 0.606],0.098464,0.331451,GRADE,002-HIV-PR
441,SVR,delta G,all,1.7538265720088382,4.1625195138550035,0.4411814722563852,0.387323,[0.031 ~ 0.656],0.150019,0.212874,X-GRADE,002-HIV-PR
442,DecisionTree,delta G,all,2.198363636363636,8.135158727272726,1.296357579993503,-0.288184,[-0.588 ~ 0.081],0.08305,-0.188616,GRADE,002-HIV-PR
443,DecisionTree,delta G,all,3.059454545454545,13.016456,2.4207919952564123,-0.23336,[-0.548 ~ 0.139],0.054457,-0.098444,X-GRADE,002-HIV-PR
444,RandomForest,delta G,all,1.9542727272727263,5.417090158181814,0.523512412570804,-0.409935,[-0.671 ~ -0.058],0.168047,-0.360813,GRADE,002-HIV-PR
445,RandomForest,delta G,all,1.9358999999999993,5.246140899090905,0.5758037162692001,-0.187127,[-0.513 ~ 0.186],0.035016,-0.175607,X-GRADE,002-HIV-PR
446,XGBoost,delta G,all,1.9265766338001598,5.348420916503295,0.9244171380996704,-0.152916,[-0.487 ~ 0.22],0.023383,-0.084133,GRADE,002-HIV-PR
447,XGBoost,delta G,all,1.7740894522233446,4.81987217634532,0.8847508430480957,0.159777,[-0.213 ~ 0.492],0.025529,0.130435,X-GRADE,002-HIV-PR
448,linearRegression,delta G,ki,1.7345066023308404,4.038017612566832,0.8852124537624676,0.198663,[-0.174 ~ 0.522],0.039467,0.098814,GRADE,002-HIV-PR
449,linearRegression,delta G,ki,1.7446100421921502,4.302366499271337,0.9641345786439063,0.424351,[0.075 ~ 0.681],0.180074,0.437606,X-GRADE,002-HIV-PR
450,Ridge,delta G,ki,1.7324825403302995,4.024267526818473,0.8755680701449711,0.202347,[-0.17 ~ 0.525],0.040944,0.118012,GRADE,002-HIV-PR
451,Ridge,delta G,ki,1.7769788169833327,4.498739411661266,0.9167366860661966,0.439109,[0.093 ~ 0.69],0.192817,0.466968,X-GRADE,002-HIV-PR
452,Lasso,delta G,ki,1.7248366519162404,3.9964683679797703,0.8475942716531402,0.206761,[-0.166 ~ 0.528],0.04275,0.125918,GRADE,002-HIV-PR
453,Lasso,delta G,ki,1.7571910066028205,4.222031442411986,0.8731616114143775,0.446912,[0.103 ~ 0.695],0.19973,0.422925,X-GRADE,002-HIV-PR
454,ElasticNet,delta G,ki,1.72962928908417,4.010738066878894,0.8640550213732663,0.205272,[-0.168 ~ 0.527],0.042137,0.125918,GRADE,002-HIV-PR
455,ElasticNet,delta G,ki,1.7735733294488092,4.407735161085541,0.8571755171616163,0.450422,[0.107 ~ 0.698],0.20288,0.465839,X-GRADE,002-HIV-PR
456,SVR,delta G,ki,1.6576287730926678,3.7614876563431663,0.8042029384438382,0.286,[-0.083 ~ 0.586],0.081796,0.286279,GRADE,002-HIV-PR
457,SVR,delta G,ki,1.7825215335019906,4.2132392084795605,0.5424146159598109,0.185495,[-0.187 ~ 0.512],0.034408,0.093168,X-GRADE,002-HIV-PR
458,DecisionTree,delta G,ki,2.538727272727272,10.706290545454545,2.162753257515189,-0.01401,[-0.373 ~ 0.348],0.000196,-0.03484,GRADE,002-HIV-PR
459,DecisionTree,delta G,ki,3.8150909090909093,22.599973272727276,2.9206250038687167,0.193762,[-0.179 ~ 0.518],0.037544,0.126883,X-GRADE,002-HIV-PR
460,RandomForest,delta G,ki,1.8046045454545447,4.502899607727271,0.5156698244728903,-0.128226,[-0.467 ~ 0.243],0.016442,-0.123659,GRADE,002-HIV-PR
461,RandomForest,delta G,ki,1.9489318181818163,4.817276629545447,0.589234860866471,-0.090366,[-0.437 ~ 0.279],0.008166,-0.07397,X-GRADE,002-HIV-PR
462,XGBoost,delta G,ki,1.7826664484197439,4.536118594352586,1.0577378273010254,0.109413,[-0.261 ~ 0.452],0.011971,0.049125,GRADE,002-HIV-PR
463,XGBoost,delta G,ki,2.0072752765308723,5.907530363226348,1.1350181102752686,0.147514,[-0.225 ~ 0.482],0.02176,0.160926,X-GRADE,002-HIV-PR
464,linearRegression,delta G,kd,2.10609073599132,6.916653863217589,0.6537382102427433,0.189745,[-0.183 ~ 0.515],0.036003,0.178995,GRADE,002-HIV-PR
465,linearRegression,delta G,kd,2.0670039724496694,6.662771836359738,0.6912960983328007,0.520361,[0.197 ~ 0.742],0.270776,0.542631,X-GRADE,002-HIV-PR
466,Ridge,delta G,kd,2.1080037092127872,6.946266983206172,0.6486972582512854,0.192104,[-0.181 ~ 0.517],0.036904,0.167702,GRADE,002-HIV-PR
467,Ridge,delta G,kd,2.166880853726103,7.160516257516199,0.6680038108397882,0.535128,[0.216 ~ 0.751],0.286362,0.569735,X-GRADE,002-HIV-PR
468,Lasso,delta G,kd,2.1147533979012803,7.003715212079385,0.632168546155196,0.196472,[-0.176 ~ 0.52],0.038601,0.163185,GRADE,002-HIV-PR
469,Lasso,delta G,kd,2.262578990598201,7.6392236891328045,0.6087869324608599,0.525613,[0.204 ~ 0.745],0.276269,0.546019,X-GRADE,002-HIV-PR
470,ElasticNet,delta G,kd,2.1225262287216107,7.0514839402577385,0.626612168415849,0.199209,[-0.174 ~ 0.522],0.039684,0.163185,GRADE,002-HIV-PR
471,ElasticNet,delta G,kd,2.2998459788601555,7.851193144074196,0.6042193342602964,0.518139,[0.194 ~ 0.74],0.268468,0.523433,X-GRADE,002-HIV-PR
472,SVR,delta G,kd,1.6989896717516613,4.51203444815098,0.551045839219893,0.423981,[0.075 ~ 0.68],0.17976,0.450028,GRADE,002-HIV-PR
473,SVR,delta G,kd,1.9886289308307916,5.993713745259723,0.442850604394558,0.570393,[0.264 ~ 0.772],0.325349,0.421796,X-GRADE,002-HIV-PR
474,DecisionTree,delta G,kd,2.5004545454545455,8.004376909090908,1.1047198702546892,-0.301373,[-0.597 ~ 0.066],0.090826,-0.204608,GRADE,002-HIV-PR
475,DecisionTree,delta G,kd,3.145636363636364,14.704945090909094,1.8255912661585507,0.178735,[-0.194 ~ 0.507],0.031946,0.004593,X-GRADE,002-HIV-PR
476,RandomForest,delta G,kd,1.9212909090909092,5.344326516363635,0.44646611386134055,-0.031969,[-0.388 ~ 0.332],0.001022,-0.049125,GRADE,002-HIV-PR
477,RandomForest,delta G,kd,2.120509090909091,6.403958841818182,0.6449282320890113,0.214598,[-0.158 ~ 0.534],0.046052,0.128176,X-GRADE,002-HIV-PR
478,XGBoost,delta G,kd,1.9777484463778412,5.704515794154356,0.7630041241645813,0.065944,[-0.302 ~ 0.416],0.004349,0.120271,GRADE,002-HIV-PR
479,XGBoost,delta G,kd,2.1478632448369805,6.589153657637518,0.9333606362342834,0.22709,[-0.145 ~ 0.543],0.05157,0.062676,X-GRADE,002-HIV-PR
